日ID,日序,周次,阶段,Primary LQ,Secondary LQ,周次功能,核心生命问题,生命痛点,今日核心经文,P证据,L证据,J证据,NT-DIS原则,一句话主题,日类型,每日核心信息,今日反思入口,今日自我选择,今日实践,关系/伙伴反馈,使命连接,生命果子,证据等级,内容状态
W01D01,1,1,I 看见自己,LQ02,—,看见价值,我的价值从哪里来？,我常靠成绩、收入、能力或别人认可证明自己。,弗2：8-10,林后5：17,路15,约1：12-13,领受→回应→实践,不用靠表现证明自己，先领受恩典，再忠心活好今天。,看见,先看见自己正在经历的“我的价值从哪里来？”，不用急着改变，先辨认它在生活中什么时候出现。,今天什么时候最容易出现这个问题：“我的价值从哪里来？”？,我今天更像：①没有留意 ②已经看见 ③正在面对,记录一次真实场景，只写“发生了什么”，不急着评价自己。,可以只分享一个真实场景，不解释、不辩护。,先让福音进入自己的真实生活。,从自我证明转向忠心,A,待编写
W01D02,2,1,I 看见自己,LQ02,—,看见价值,我的价值从哪里来？,我常靠成绩、收入、能力或别人认可证明自己。,林后5：17,林后5：17,路15,约1：12-13,领受→回应→实践,不用靠表现证明自己，先领受恩典，再忠心活好今天。,挖根,今天往里走一步：当“我的价值从哪里来？”出现时，我最怕失去、最想抓住或最想证明的是什么？,如果暂时不急着解决，我真正担心的是什么？,我目前更像：①被反应推着走 ②开始辨认根源 ③愿意停下来,为今天发现的根源写下一句话：我真正害怕/抓住/证明的是______。,伙伴只问“你发现了什么？”，不急着给答案。,把自己的发现带进一个具体关系。,从自我证明转向忠心,A,待编写
W01D03,3,1,I 看见自己,LQ02,—,看见价值,我的价值从哪里来？,我常靠成绩、收入、能力或别人认可证明自己。,弗2：8-10,林后5：17,路15,约1：12-13,领受→回应→实践,不用靠表现证明自己，先领受恩典，再忠心活好今天。,回经文,回到弗2：8-10：不要只问“这段经文说了什么”，也问“它正在重新怎样解释我的生活？”,这段经文有没有一句话，正在挑战我对“我的价值从哪里来？”的原有理解？,经文今天对我更像：①有距离 ②击中一点 ③需要回应,用弗2：8-10安静5分钟，记下一句最需要带进生活的话。,小组分享一句经文如何进入自己的生活。,让经文从理解变成生活选择。,从自我证明转向忠心,A,待编写
W01D04,4,1,I 看见自己,LQ02,—,看见价值,我的价值从哪里来？,我常靠成绩、收入、能力或别人认可证明自己。,路15,林后5：17,路15,约1：12-13,领受→回应→实践,不用靠表现证明自己，先领受恩典，再忠心活好今天。,对照,把自己的旧习惯与新约的方向放在一起看：人的价值不能最终建立在表现和他人评价上，而是在基督里领受恩典，并从新身份出发生活。,我现在的做法，与今天看见的福音方向差在哪里？,我目前更像：①仍按旧标准生活 ②开始调整 ③已经在实践,做一个小调整，方向是：不用靠表现证明自己，先领受恩典，再忠心活好今天。,伙伴帮助辨认差距，不评判属灵程度。,让生命方向影响家庭、工作或群体。,从自我证明转向忠心,A,待编写
W01D05,5,1,I 看见自己,LQ02,—,看见价值,我的价值从哪里来？,我常靠成绩、收入、能力或别人认可证明自己。,约1：12-13,林后5：17,路15,约1：12-13,领受→回应→实践,不用靠表现证明自己，先领受恩典，再忠心活好今天。,行动,把今天的回应缩小成一个可执行动作：少做一件为了证明自己的事，多做一件本来就该忠心做好的事。,今天我能做哪一个小而真实的改变？,今天的行动更像：①还没做 ②做了一点 ③认真完成了,今天完成一个“小步行动”：少做一件为了证明自己的事，多做一件本来就该忠心做好的事。,伙伴只追踪一个具体行动有没有发生。,一个小行动，就是生命果子的起点。,从自我证明转向忠心,A,待编写
W01D06,6,1,I 看见自己,LQ02,—,看见价值,我的价值从哪里来？,我常靠成绩、收入、能力或别人认可证明自己。,林后5：17,林后5：17,路15,约1：12-13,领受→回应→实践,不用靠表现证明自己，先领受恩典，再忠心活好今天。,关系与传递,把生命放进关系里：今天谁会因为我的选择而受益、受伤或得到安慰？,我的选择会怎样影响身边一个具体的人？,在关系里我更像：①只顾自己 ②开始留意别人 ③主动做了一件事,把今天的行动带进一个真实关系；伙伴记录一次“放下证明、忠心行动”。,我最容易在哪些场景想证明自己？,把领受的恩典活成祝福,从自我证明转向忠心,A,待编写
W01D07,7,1,I 看见自己,LQ02,—,看见价值,我的价值从哪里来？,我常靠成绩、收入、能力或别人认可证明自己。,弗2：8-10,林后5：17,路15,约1：12-13,领受→回应→实践,不用靠表现证明自己，先领受恩典，再忠心活好今天。,回顾,回顾这一周：我有没有从这个生命问题走出一点新的方向？下一步只保留一个继续操练的重点。,这周什么真的改变了一点？什么仍需要继续？,这一周我更像：①没有变化 ②有一个小变化 ③准备继续,写下“一个改变、一个未完成、一个下一步”。,伙伴记录一次“放下证明、忠心行动”。,把这一周的学习带进下一周，而不是停在课程结束。,从自我证明转向忠心,A,待编写
W02D01,1,2,I 看见自己,LQ04,—,承认有限,面对不确定和失控，我怎么生活？,未来有太多变量，我希望先把结果掌控住才安心。,路12：22-32,罗8：18-28,路12：22-32,约14：1-6,看见→放手→信靠,不能掌控明天，就忠心活好今天。,看见,先看见自己正在经历的“面对不确定和失控，我怎么生活？”，不用急着改变，先辨认它在生活中什么时候出现。,今天什么时候最容易出现这个问题：“面对不确定和失控，我怎么生活？”？,我今天更像：①没有留意 ②已经看见 ③正在面对,记录一次真实场景，只写“发生了什么”，不急着评价自己。,可以只分享一个真实场景，不解释、不辩护。,先让福音进入自己的真实生活。,在不确定中仍然忠心,A,待编写
W02D02,2,2,I 看见自己,LQ04,—,承认有限,面对不确定和失控，我怎么生活？,未来有太多变量，我希望先把结果掌控住才安心。,罗8：18-28,罗8：18-28,路12：22-32,约14：1-6,看见→放手→信靠,不能掌控明天，就忠心活好今天。,挖根,今天往里走一步：当“面对不确定和失控，我怎么生活？”出现时，我最怕失去、最想抓住或最想证明的是什么？,如果暂时不急着解决，我真正担心的是什么？,我目前更像：①被反应推着走 ②开始辨认根源 ③愿意停下来,为今天发现的根源写下一句话：我真正害怕/抓住/证明的是______。,伙伴只问“你发现了什么？”，不急着给答案。,把自己的发现带进一个具体关系。,在不确定中仍然忠心,A,待编写
W02D03,3,2,I 看见自己,LQ04,—,承认有限,面对不确定和失控，我怎么生活？,未来有太多变量，我希望先把结果掌控住才安心。,路12：22-32,罗8：18-28,路12：22-32,约14：1-6,看见→放手→信靠,不能掌控明天，就忠心活好今天。,回经文,回到路12：22-32：不要只问“这段经文说了什么”，也问“它正在重新怎样解释我的生活？”,这段经文有没有一句话，正在挑战我对“面对不确定和失控，我怎么生活？”的原有理解？,经文今天对我更像：①有距离 ②击中一点 ③需要回应,用路12：22-32安静5分钟，记下一句最需要带进生活的话。,小组分享一句经文如何进入自己的生活。,让经文从理解变成生活选择。,在不确定中仍然忠心,A,待编写
W02D04,4,2,I 看见自己,LQ04,—,承认有限,面对不确定和失控，我怎么生活？,未来有太多变量，我希望先把结果掌控住才安心。,路12：22-32,罗8：18-28,路12：22-32,约14：1-6,看见→放手→信靠,不能掌控明天，就忠心活好今天。,对照,把自己的旧习惯与新约的方向放在一起看：新约不是消除不确定，而是在不能掌控的现实中信靠神、盼望并忠心生活。,我现在的做法，与今天看见的福音方向差在哪里？,我目前更像：①仍按旧标准生活 ②开始调整 ③已经在实践,做一个小调整，方向是：不能掌控明天，就忠心活好今天。,伙伴帮助辨认差距，不评判属灵程度。,让生命方向影响家庭、工作或群体。,在不确定中仍然忠心,A,待编写
W02D05,5,2,I 看见自己,LQ04,—,承认有限,面对不确定和失控，我怎么生活？,未来有太多变量，我希望先把结果掌控住才安心。,约14：1-6,罗8：18-28,路12：22-32,约14：1-6,看见→放手→信靠,不能掌控明天，就忠心活好今天。,行动,把今天的回应缩小成一个可执行动作：列出一件不可控之事与一件可行动之事，分别交托与完成。,今天我能做哪一个小而真实的改变？,今天的行动更像：①还没做 ②做了一点 ③认真完成了,今天完成一个“小步行动”：列出一件不可控之事与一件可行动之事，分别交托与完成。,伙伴只追踪一个具体行动有没有发生。,一个小行动，就是生命果子的起点。,在不确定中仍然忠心,A,待编写
W02D06,6,2,I 看见自己,LQ04,—,承认有限,面对不确定和失控，我怎么生活？,未来有太多变量，我希望先把结果掌控住才安心。,罗8：18-28,罗8：18-28,路12：22-32,约14：1-6,看见→放手→信靠,不能掌控明天，就忠心活好今天。,关系与传递,把生命放进关系里：今天谁会因为我的选择而受益、受伤或得到安慰？,我的选择会怎样影响身边一个具体的人？,在关系里我更像：①只顾自己 ②开始留意别人 ③主动做了一件事,把今天的行动带进一个真实关系；伙伴问一句：“今天你把什么交托了？”,我最近最想控制什么？它真的属于我的责任吗？,学习为别人提供稳定与盼望,在不确定中仍然忠心,A,待编写
W02D07,7,2,I 看见自己,LQ04,—,承认有限,面对不确定和失控，我怎么生活？,未来有太多变量，我希望先把结果掌控住才安心。,路12：22-32,罗8：18-28,路12：22-32,约14：1-6,看见→放手→信靠,不能掌控明天，就忠心活好今天。,回顾,回顾这一周：我有没有从这个生命问题走出一点新的方向？下一步只保留一个继续操练的重点。,这周什么真的改变了一点？什么仍需要继续？,这一周我更像：①没有变化 ②有一个小变化 ③准备继续,写下“一个改变、一个未完成、一个下一步”。,伙伴问一句：“今天你把什么交托了？”,把这一周的学习带进下一周，而不是停在课程结束。,在不确定中仍然忠心,A,待编写
W03D01,1,3,I 看见自己,LQ03,—,重新定义成功,什么才算成功？,我容易用收入、地位、效率、孩子表现或别人羡慕来衡量人生。,腓3：7-14,林前1：26-31,路9：23-25,约15：1-8,对照→重新定义→选择,真正值得追求的，不只是得到更多，而是越来越认识基督、忠心走自己的路。,看见,先看见自己正在经历的“什么才算成功？”，不用急着改变，先辨认它在生活中什么时候出现。,今天什么时候最容易出现这个问题：“什么才算成功？”？,我今天更像：①没有留意 ②已经看见 ③正在面对,记录一次真实场景，只写“发生了什么”，不急着评价自己。,可以只分享一个真实场景，不解释、不辩护。,先让福音进入自己的真实生活。,从自我成功转向忠心跟随,A,待编写
W03D02,2,3,I 看见自己,LQ03,—,重新定义成功,什么才算成功？,我容易用收入、地位、效率、孩子表现或别人羡慕来衡量人生。,林前1：26-31,林前1：26-31,路9：23-25,约15：1-8,对照→重新定义→选择,真正值得追求的，不只是得到更多，而是越来越认识基督、忠心走自己的路。,挖根,今天往里走一步：当“什么才算成功？”出现时，我最怕失去、最想抓住或最想证明的是什么？,如果暂时不急着解决，我真正担心的是什么？,我目前更像：①被反应推着走 ②开始辨认根源 ③愿意停下来,为今天发现的根源写下一句话：我真正害怕/抓住/证明的是______。,伙伴只问“你发现了什么？”，不急着给答案。,把自己的发现带进一个具体关系。,从自我成功转向忠心跟随,A,待编写
W03D03,3,3,I 看见自己,LQ03,—,重新定义成功,什么才算成功？,我容易用收入、地位、效率、孩子表现或别人羡慕来衡量人生。,腓3：7-14,林前1：26-31,路9：23-25,约15：1-8,对照→重新定义→选择,真正值得追求的，不只是得到更多，而是越来越认识基督、忠心走自己的路。,回经文,回到腓3：7-14：不要只问“这段经文说了什么”，也问“它正在重新怎样解释我的生活？”,这段经文有没有一句话，正在挑战我对“什么才算成功？”的原有理解？,经文今天对我更像：①有距离 ②击中一点 ③需要回应,用腓3：7-14安静5分钟，记下一句最需要带进生活的话。,小组分享一句经文如何进入自己的生活。,让经文从理解变成生活选择。,从自我成功转向忠心跟随,A,待编写
W03D04,4,3,I 看见自己,LQ03,—,重新定义成功,什么才算成功？,我容易用收入、地位、效率、孩子表现或别人羡慕来衡量人生。,路9：23-25,林前1：26-31,路9：23-25,约15：1-8,对照→重新定义→选择,真正值得追求的，不只是得到更多，而是越来越认识基督、忠心走自己的路。,对照,把自己的旧习惯与新约的方向放在一起看：新约没有取消工作与成就，而是重排生命价值秩序：认识基督、忠心跟随、服事与结果子。,我现在的做法，与今天看见的福音方向差在哪里？,我目前更像：①仍按旧标准生活 ②开始调整 ③已经在实践,做一个小调整，方向是：真正值得追求的，不只是得到更多，而是越来越认识基督、忠心走自己的路。,伙伴帮助辨认差距，不评判属灵程度。,让生命方向影响家庭、工作或群体。,从自我成功转向忠心跟随,A,待编写
W03D05,5,3,I 看见自己,LQ03,—,重新定义成功,什么才算成功？,我容易用收入、地位、效率、孩子表现或别人羡慕来衡量人生。,约15：1-8,林前1：26-31,路9：23-25,约15：1-8,对照→重新定义→选择,真正值得追求的，不只是得到更多，而是越来越认识基督、忠心走自己的路。,行动,把今天的回应缩小成一个可执行动作：把本周最重要的一件事排到最前面，其他事情降级。,今天我能做哪一个小而真实的改变？,今天的行动更像：①还没做 ②做了一点 ③认真完成了,今天完成一个“小步行动”：把本周最重要的一件事排到最前面，其他事情降级。,伙伴只追踪一个具体行动有没有发生。,一个小行动，就是生命果子的起点。,从自我成功转向忠心跟随,A,待编写
W03D06,6,3,I 看见自己,LQ03,—,重新定义成功,什么才算成功？,我容易用收入、地位、效率、孩子表现或别人羡慕来衡量人生。,林前1：26-31,林前1：26-31,路9：23-25,约15：1-8,对照→重新定义→选择,真正值得追求的，不只是得到更多，而是越来越认识基督、忠心走自己的路。,关系与传递,把生命放进关系里：今天谁会因为我的选择而受益、受伤或得到安慰？,我的选择会怎样影响身边一个具体的人？,在关系里我更像：①只顾自己 ②开始留意别人 ③主动做了一件事,把今天的行动带进一个真实关系；伙伴分享一次“重新排序”的具体决定。,如果没有人知道，我还会把这件事当成功吗？,让成功观影响家庭、工作和群体,从自我成功转向忠心跟随,A,待编写
W03D07,7,3,I 看见自己,LQ03,—,重新定义成功,什么才算成功？,我容易用收入、地位、效率、孩子表现或别人羡慕来衡量人生。,腓3：7-14,林前1：26-31,路9：23-25,约15：1-8,对照→重新定义→选择,真正值得追求的，不只是得到更多，而是越来越认识基督、忠心走自己的路。,回顾,回顾这一周：我有没有从这个生命问题走出一点新的方向？下一步只保留一个继续操练的重点。,这周什么真的改变了一点？什么仍需要继续？,这一周我更像：①没有变化 ②有一个小变化 ③准备继续,写下“一个改变、一个未完成、一个下一步”。,伙伴分享一次“重新排序”的具体决定。,把这一周的学习带进下一周，而不是停在课程结束。,从自我成功转向忠心跟随,A,待编写
W04D01,1,4,I 看见自己,LQ01,—,脱离评价,为什么我这么在意别人怎么看我？,被比较、被评价、被忽略时，很容易怀疑自己的价值。,加1：10,罗12：2,路14：7-11,约5：44,看见→辨认→重新定位,不要让别人的评价替你决定怎样生活。,看见,先看见自己正在经历的“为什么我这么在意别人怎么看我？”，不用急着改变，先辨认它在生活中什么时候出现。,今天什么时候最容易出现这个问题：“为什么我这么在意别人怎么看我？”？,我今天更像：①没有留意 ②已经看见 ③正在面对,记录一次真实场景，只写“发生了什么”，不急着评价自己。,可以只分享一个真实场景，不解释、不辩护。,先让福音进入自己的真实生活。,从人的目光转向基督,A,待编写
W04D02,2,4,I 看见自己,LQ01,—,脱离评价,为什么我这么在意别人怎么看我？,被比较、被评价、被忽略时，很容易怀疑自己的价值。,罗12：2,罗12：2,路14：7-11,约5：44,看见→辨认→重新定位,不要让别人的评价替你决定怎样生活。,挖根,今天往里走一步：当“为什么我这么在意别人怎么看我？”出现时，我最怕失去、最想抓住或最想证明的是什么？,如果暂时不急着解决，我真正担心的是什么？,我目前更像：①被反应推着走 ②开始辨认根源 ③愿意停下来,为今天发现的根源写下一句话：我真正害怕/抓住/证明的是______。,伙伴只问“你发现了什么？”，不急着给答案。,把自己的发现带进一个具体关系。,从人的目光转向基督,A,待编写
W04D03,3,4,I 看见自己,LQ01,—,脱离评价,为什么我这么在意别人怎么看我？,被比较、被评价、被忽略时，很容易怀疑自己的价值。,加1：10,罗12：2,路14：7-11,约5：44,看见→辨认→重新定位,不要让别人的评价替你决定怎样生活。,回经文,回到加1：10：不要只问“这段经文说了什么”，也问“它正在重新怎样解释我的生活？”,这段经文有没有一句话，正在挑战我对“为什么我这么在意别人怎么看我？”的原有理解？,经文今天对我更像：①有距离 ②击中一点 ③需要回应,用加1：10安静5分钟，记下一句最需要带进生活的话。,小组分享一句经文如何进入自己的生活。,让经文从理解变成生活选择。,从人的目光转向基督,A,待编写
W04D04,4,4,I 看见自己,LQ01,—,脱离评价,为什么我这么在意别人怎么看我？,被比较、被评价、被忽略时，很容易怀疑自己的价值。,路14：7-11,罗12：2,路14：7-11,约5：44,看见→辨认→重新定位,不要让别人的评价替你决定怎样生活。,对照,把自己的旧习惯与新约的方向放在一起看：人的认可可以成为关系的一部分，却不能成为生命最终尺度。,我现在的做法，与今天看见的福音方向差在哪里？,我目前更像：①仍按旧标准生活 ②开始调整 ③已经在实践,做一个小调整，方向是：不要让别人的评价替你决定怎样生活。,伙伴帮助辨认差距，不评判属灵程度。,让生命方向影响家庭、工作或群体。,从人的目光转向基督,A,待编写
W04D05,5,4,I 看见自己,LQ01,—,脱离评价,为什么我这么在意别人怎么看我？,被比较、被评价、被忽略时，很容易怀疑自己的价值。,约5：44,罗12：2,路14：7-11,约5：44,看见→辨认→重新定位,不要让别人的评价替你决定怎样生活。,行动,把今天的回应缩小成一个可执行动作：一次重要决定不先问“别人怎么看”，先问“忠心是什么”。,今天我能做哪一个小而真实的改变？,今天的行动更像：①还没做 ②做了一点 ③认真完成了,今天完成一个“小步行动”：一次重要决定不先问“别人怎么看”，先问“忠心是什么”。,伙伴只追踪一个具体行动有没有发生。,一个小行动，就是生命果子的起点。,从人的目光转向基督,A,待编写
W04D06,6,4,I 看见自己,LQ01,—,脱离评价,为什么我这么在意别人怎么看我？,被比较、被评价、被忽略时，很容易怀疑自己的价值。,罗12：2,罗12：2,路14：7-11,约5：44,看见→辨认→重新定位,不要让别人的评价替你决定怎样生活。,关系与传递,把生命放进关系里：今天谁会因为我的选择而受益、受伤或得到安慰？,我的选择会怎样影响身边一个具体的人？,在关系里我更像：①只顾自己 ②开始留意别人 ③主动做了一件事,把今天的行动带进一个真实关系；伙伴只反馈“你有没有忠心”，不评价结果。,我最怕谁不认可我？我在怕失去什么？,在关系中给予别人真实而不控制的肯定,从人的目光转向基督,A,待编写
W04D07,7,4,I 看见自己,LQ01,—,脱离评价,为什么我这么在意别人怎么看我？,被比较、被评价、被忽略时，很容易怀疑自己的价值。,加1：10,罗12：2,路14：7-11,约5：44,看见→辨认→重新定位,不要让别人的评价替你决定怎样生活。,回顾,回顾这一周：我有没有从这个生命问题走出一点新的方向？下一步只保留一个继续操练的重点。,这周什么真的改变了一点？什么仍需要继续？,这一周我更像：①没有变化 ②有一个小变化 ③准备继续,写下“一个改变、一个未完成、一个下一步”。,伙伴只反馈“你有没有忠心”，不评价结果。,把这一周的学习带进下一周，而不是停在课程结束。,从人的目光转向基督,A,待编写
W05D01,1,5,I 看见自己,LQ02,—,停止证明,为什么总觉得“还不够”？,得到更多之后，心里很快又出现新的缺口。,路12：13-21,腓4：11-13,路12：13-21,约一2：15-17,看见→辨认欲望→知足,拥有不能保证满足，学习知足与感恩。,看见,先看见自己正在经历的“为什么总觉得“还不够”？”，不用急着改变，先辨认它在生活中什么时候出现。,今天什么时候最容易出现这个问题：“为什么总觉得“还不够”？”？,我今天更像：①没有留意 ②已经看见 ③正在面对,记录一次真实场景，只写“发生了什么”，不急着评价自己。,可以只分享一个真实场景，不解释、不辩护。,先让福音进入自己的真实生活。,从匮乏感转向感恩与知足,A,待编写
W05D02,2,5,I 看见自己,LQ02,—,停止证明,为什么总觉得“还不够”？,得到更多之后，心里很快又出现新的缺口。,腓4：11-13,腓4：11-13,路12：13-21,约一2：15-17,看见→辨认欲望→知足,拥有不能保证满足，学习知足与感恩。,挖根,今天往里走一步：当“为什么总觉得“还不够”？”出现时，我最怕失去、最想抓住或最想证明的是什么？,如果暂时不急着解决，我真正担心的是什么？,我目前更像：①被反应推着走 ②开始辨认根源 ③愿意停下来,为今天发现的根源写下一句话：我真正害怕/抓住/证明的是______。,伙伴只问“你发现了什么？”，不急着给答案。,把自己的发现带进一个具体关系。,从匮乏感转向感恩与知足,A,待编写
W05D03,3,5,I 看见自己,LQ02,—,停止证明,为什么总觉得“还不够”？,得到更多之后，心里很快又出现新的缺口。,路12：13-21,腓4：11-13,路12：13-21,约一2：15-17,看见→辨认欲望→知足,拥有不能保证满足，学习知足与感恩。,回经文,回到路12：13-21：不要只问“这段经文说了什么”，也问“它正在重新怎样解释我的生活？”,这段经文有没有一句话，正在挑战我对“为什么总觉得“还不够”？”的原有理解？,经文今天对我更像：①有距离 ②击中一点 ③需要回应,用路12：13-21安静5分钟，记下一句最需要带进生活的话。,小组分享一句经文如何进入自己的生活。,让经文从理解变成生活选择。,从匮乏感转向感恩与知足,A,待编写
W05D04,4,5,I 看见自己,LQ02,—,停止证明,为什么总觉得“还不够”？,得到更多之后，心里很快又出现新的缺口。,路12：13-21,腓4：11-13,路12：13-21,约一2：15-17,看见→辨认欲望→知足,拥有不能保证满足，学习知足与感恩。,对照,把自己的旧习惯与新约的方向放在一起看：拥有更多不能成为生命安全感与价值的终极保障。,我现在的做法，与今天看见的福音方向差在哪里？,我目前更像：①仍按旧标准生活 ②开始调整 ③已经在实践,做一个小调整，方向是：拥有不能保证满足，学习知足与感恩。,伙伴帮助辨认差距，不评判属灵程度。,让生命方向影响家庭、工作或群体。,从匮乏感转向感恩与知足,A,待编写
W05D05,5,5,I 看见自己,LQ02,—,停止证明,为什么总觉得“还不够”？,得到更多之后，心里很快又出现新的缺口。,约一2：15-17,腓4：11-13,路12：13-21,约一2：15-17,看见→辨认欲望→知足,拥有不能保证满足，学习知足与感恩。,行动,把今天的回应缩小成一个可执行动作：这一周不为升级、购买或展示而行动一次。,今天我能做哪一个小而真实的改变？,今天的行动更像：①还没做 ②做了一点 ③认真完成了,今天完成一个“小步行动”：这一周不为升级、购买或展示而行动一次。,伙伴只追踪一个具体行动有没有发生。,一个小行动，就是生命果子的起点。,从匮乏感转向感恩与知足,A,待编写
W05D06,6,5,I 看见自己,LQ02,—,停止证明,为什么总觉得“还不够”？,得到更多之后，心里很快又出现新的缺口。,腓4：11-13,腓4：11-13,路12：13-21,约一2：15-17,看见→辨认欲望→知足,拥有不能保证满足，学习知足与感恩。,关系与传递,把生命放进关系里：今天谁会因为我的选择而受益、受伤或得到安慰？,我的选择会怎样影响身边一个具体的人？,在关系里我更像：①只顾自己 ②开始留意别人 ③主动做了一件事,把今天的行动带进一个真实关系；伙伴每次只问：“今天你感谢了什么？”,我所谓的“不够”，究竟缺的是东西，还是安全感？,把资源从自我证明转向给予,从匮乏感转向感恩与知足,A,待编写
W05D07,7,5,I 看见自己,LQ02,—,停止证明,为什么总觉得“还不够”？,得到更多之后，心里很快又出现新的缺口。,路12：13-21,腓4：11-13,路12：13-21,约一2：15-17,看见→辨认欲望→知足,拥有不能保证满足，学习知足与感恩。,回顾,回顾这一周：我有没有从这个生命问题走出一点新的方向？下一步只保留一个继续操练的重点。,这周什么真的改变了一点？什么仍需要继续？,这一周我更像：①没有变化 ②有一个小变化 ③准备继续,写下“一个改变、一个未完成、一个下一步”。,伙伴每次只问：“今天你感谢了什么？”,把这一周的学习带进下一周，而不是停在课程结束。,从匮乏感转向感恩与知足,A,待编写
W06D01,1,6,I 看见自己,LQ04,—,分辨忙乱,为什么我总被很多事情牵着走？,事情越多，越觉得每件都不能放下。,路10：38-42,弗5：15-17,路10：38-42,约15：4-5,看见→分辨→取舍,不是每件事都要抓住，先分辨今天真正重要的事。,看见,先看见自己正在经历的“为什么我总被很多事情牵着走？”，不用急着改变，先辨认它在生活中什么时候出现。,今天什么时候最容易出现这个问题：“为什么我总被很多事情牵着走？”？,我今天更像：①没有留意 ②已经看见 ③正在面对,记录一次真实场景，只写“发生了什么”，不急着评价自己。,可以只分享一个真实场景，不解释、不辩护。,先让福音进入自己的真实生活。,从忙乱转向分辨,B,待编写
W06D02,2,6,I 看见自己,LQ04,—,分辨忙乱,为什么我总被很多事情牵着走？,事情越多，越觉得每件都不能放下。,弗5：15-17,弗5：15-17,路10：38-42,约15：4-5,看见→分辨→取舍,不是每件事都要抓住，先分辨今天真正重要的事。,挖根,今天往里走一步：当“为什么我总被很多事情牵着走？”出现时，我最怕失去、最想抓住或最想证明的是什么？,如果暂时不急着解决，我真正担心的是什么？,我目前更像：①被反应推着走 ②开始辨认根源 ③愿意停下来,为今天发现的根源写下一句话：我真正害怕/抓住/证明的是______。,伙伴只问“你发现了什么？”，不急着给答案。,把自己的发现带进一个具体关系。,从忙乱转向分辨,B,待编写
W06D03,3,6,I 看见自己,LQ04,—,分辨忙乱,为什么我总被很多事情牵着走？,事情越多，越觉得每件都不能放下。,路10：38-42,弗5：15-17,路10：38-42,约15：4-5,看见→分辨→取舍,不是每件事都要抓住，先分辨今天真正重要的事。,回经文,回到路10：38-42：不要只问“这段经文说了什么”，也问“它正在重新怎样解释我的生活？”,这段经文有没有一句话，正在挑战我对“为什么我总被很多事情牵着走？”的原有理解？,经文今天对我更像：①有距离 ②击中一点 ③需要回应,用路10：38-42安静5分钟，记下一句最需要带进生活的话。,小组分享一句经文如何进入自己的生活。,让经文从理解变成生活选择。,从忙乱转向分辨,B,待编写
W06D04,4,6,I 看见自己,LQ04,—,分辨忙乱,为什么我总被很多事情牵着走？,事情越多，越觉得每件都不能放下。,路10：38-42,弗5：15-17,路10：38-42,约15：4-5,看见→分辨→取舍,不是每件事都要抓住，先分辨今天真正重要的事。,对照,把自己的旧习惯与新约的方向放在一起看：门徒不是控制所有事情，而是学习在忙乱中分辨主所看重的事。,我现在的做法，与今天看见的福音方向差在哪里？,我目前更像：①仍按旧标准生活 ②开始调整 ③已经在实践,做一个小调整，方向是：不是每件事都要抓住，先分辨今天真正重要的事。,伙伴帮助辨认差距，不评判属灵程度。,让生命方向影响家庭、工作或群体。,从忙乱转向分辨,B,待编写
W06D05,5,6,I 看见自己,LQ04,—,分辨忙乱,为什么我总被很多事情牵着走？,事情越多，越觉得每件都不能放下。,约15：4-5,弗5：15-17,路10：38-42,约15：4-5,看见→分辨→取舍,不是每件事都要抓住，先分辨今天真正重要的事。,行动,把今天的回应缩小成一个可执行动作：本周固定一段不被打扰的时间，做最重要的一件事。,今天我能做哪一个小而真实的改变？,今天的行动更像：①还没做 ②做了一点 ③认真完成了,今天完成一个“小步行动”：本周固定一段不被打扰的时间，做最重要的一件事。,伙伴只追踪一个具体行动有没有发生。,一个小行动，就是生命果子的起点。,从忙乱转向分辨,B,待编写
W06D06,6,6,I 看见自己,LQ04,—,分辨忙乱,为什么我总被很多事情牵着走？,事情越多，越觉得每件都不能放下。,弗5：15-17,弗5：15-17,路10：38-42,约15：4-5,看见→分辨→取舍,不是每件事都要抓住，先分辨今天真正重要的事。,关系与传递,把生命放进关系里：今天谁会因为我的选择而受益、受伤或得到安慰？,我的选择会怎样影响身边一个具体的人？,在关系里我更像：①只顾自己 ②开始留意别人 ③主动做了一件事,把今天的行动带进一个真实关系；伙伴检查一次“删掉了什么”。,哪些事情正在占据我的心，却不一定是我的托付？,为家庭与群体保留真实的在场,从忙乱转向分辨,B,待编写
W06D07,7,6,I 看见自己,LQ04,—,分辨忙乱,为什么我总被很多事情牵着走？,事情越多，越觉得每件都不能放下。,路10：38-42,弗5：15-17,路10：38-42,约15：4-5,看见→分辨→取舍,不是每件事都要抓住，先分辨今天真正重要的事。,回顾,回顾这一周：我有没有从这个生命问题走出一点新的方向？下一步只保留一个继续操练的重点。,这周什么真的改变了一点？什么仍需要继续？,这一周我更像：①没有变化 ②有一个小变化 ③准备继续,写下“一个改变、一个未完成、一个下一步”。,伙伴检查一次“删掉了什么”。,把这一周的学习带进下一周，而不是停在课程结束。,从忙乱转向分辨,B,待编写
W07D01,1,7,I 看见自己,LQ01,—,重新理解过去,我的过去决定我是谁吗？,失败、家庭背景、旧标签常被带进今天。,林后5：17,腓3：13-14,路5：27-32,约1：12-13,看见→重新解释→前行,过去是我故事的一部分，但不是我最终的名字。,看见,先看见自己正在经历的“我的过去决定我是谁吗？”，不用急着改变，先辨认它在生活中什么时候出现。,今天什么时候最容易出现这个问题：“我的过去决定我是谁吗？”？,我今天更像：①没有留意 ②已经看见 ③正在面对,记录一次真实场景，只写“发生了什么”，不急着评价自己。,可以只分享一个真实场景，不解释、不辩护。,先让福音进入自己的真实生活。,从旧标签转向新身份,A,待编写
W07D02,2,7,I 看见自己,LQ01,—,重新理解过去,我的过去决定我是谁吗？,失败、家庭背景、旧标签常被带进今天。,腓3：13-14,腓3：13-14,路5：27-32,约1：12-13,看见→重新解释→前行,过去是我故事的一部分，但不是我最终的名字。,挖根,今天往里走一步：当“我的过去决定我是谁吗？”出现时，我最怕失去、最想抓住或最想证明的是什么？,如果暂时不急着解决，我真正担心的是什么？,我目前更像：①被反应推着走 ②开始辨认根源 ③愿意停下来,为今天发现的根源写下一句话：我真正害怕/抓住/证明的是______。,伙伴只问“你发现了什么？”，不急着给答案。,把自己的发现带进一个具体关系。,从旧标签转向新身份,A,待编写
W07D03,3,7,I 看见自己,LQ01,—,重新理解过去,我的过去决定我是谁吗？,失败、家庭背景、旧标签常被带进今天。,林后5：17,腓3：13-14,路5：27-32,约1：12-13,看见→重新解释→前行,过去是我故事的一部分，但不是我最终的名字。,回经文,回到林后5：17：不要只问“这段经文说了什么”，也问“它正在重新怎样解释我的生活？”,这段经文有没有一句话，正在挑战我对“我的过去决定我是谁吗？”的原有理解？,经文今天对我更像：①有距离 ②击中一点 ③需要回应,用林后5：17安静5分钟，记下一句最需要带进生活的话。,小组分享一句经文如何进入自己的生活。,让经文从理解变成生活选择。,从旧标签转向新身份,A,待编写
W07D04,4,7,I 看见自己,LQ01,—,重新理解过去,我的过去决定我是谁吗？,失败、家庭背景、旧标签常被带进今天。,路5：27-32,腓3：13-14,路5：27-32,约1：12-13,看见→重新解释→前行,过去是我故事的一部分，但不是我最终的名字。,对照,把自己的旧习惯与新约的方向放在一起看：过去可以解释我的经历，却不能拥有我身份的最终定义权。,我现在的做法，与今天看见的福音方向差在哪里？,我目前更像：①仍按旧标准生活 ②开始调整 ③已经在实践,做一个小调整，方向是：过去是我故事的一部分，但不是我最终的名字。,伙伴帮助辨认差距，不评判属灵程度。,让生命方向影响家庭、工作或群体。,从旧标签转向新身份,A,待编写
W07D05,5,7,I 看见自己,LQ01,—,重新理解过去,我的过去决定我是谁吗？,失败、家庭背景、旧标签常被带进今天。,约1：12-13,腓3：13-14,路5：27-32,约1：12-13,看见→重新解释→前行,过去是我故事的一部分，但不是我最终的名字。,行动,把今天的回应缩小成一个可执行动作：停止用一个旧失败介绍自己一次。,今天我能做哪一个小而真实的改变？,今天的行动更像：①还没做 ②做了一点 ③认真完成了,今天完成一个“小步行动”：停止用一个旧失败介绍自己一次。,伙伴只追踪一个具体行动有没有发生。,一个小行动，就是生命果子的起点。,从旧标签转向新身份,A,待编写
W07D06,6,7,I 看见自己,LQ01,—,重新理解过去,我的过去决定我是谁吗？,失败、家庭背景、旧标签常被带进今天。,腓3：13-14,腓3：13-14,路5：27-32,约1：12-13,看见→重新解释→前行,过去是我故事的一部分，但不是我最终的名字。,关系与传递,把生命放进关系里：今天谁会因为我的选择而受益、受伤或得到安慰？,我的选择会怎样影响身边一个具体的人？,在关系里我更像：①只顾自己 ②开始留意别人 ③主动做了一件事,把今天的行动带进一个真实关系；伙伴不讨论细节，只提醒“在基督里你是谁”。,哪些旧标签我还在不断重复？,用更新后的身份面对家人和朋友,从旧标签转向新身份,A,待编写
W07D07,7,7,I 看见自己,LQ01,—,重新理解过去,我的过去决定我是谁吗？,失败、家庭背景、旧标签常被带进今天。,林后5：17,腓3：13-14,路5：27-32,约1：12-13,看见→重新解释→前行,过去是我故事的一部分，但不是我最终的名字。,回顾,回顾这一周：我有没有从这个生命问题走出一点新的方向？下一步只保留一个继续操练的重点。,这周什么真的改变了一点？什么仍需要继续？,这一周我更像：①没有变化 ②有一个小变化 ③准备继续,写下“一个改变、一个未完成、一个下一步”。,伙伴不讨论细节，只提醒“在基督里你是谁”。,把这一周的学习带进下一周，而不是停在课程结束。,从旧标签转向新身份,A,待编写
W08D01,1,8,I 看见自己,LQ03,—,停止比较,为什么我总和别人比较？,别人过得更快、更成功、更被看见，我就开始否定自己。,加6：4-5,罗12：3,路18：9-14,约5：44,看见→察验→停止比较,少拿别人的人生衡量自己，忠心走神交给你的路。,看见,先看见自己正在经历的“为什么我总和别人比较？”，不用急着改变，先辨认它在生活中什么时候出现。,今天什么时候最容易出现这个问题：“为什么我总和别人比较？”？,我今天更像：①没有留意 ②已经看见 ③正在面对,记录一次真实场景，只写“发生了什么”，不急着评价自己。,可以只分享一个真实场景，不解释、不辩护。,先让福音进入自己的真实生活。,从比较转向忠心,A,待编写
W08D02,2,8,I 看见自己,LQ03,—,停止比较,为什么我总和别人比较？,别人过得更快、更成功、更被看见，我就开始否定自己。,罗12：3,罗12：3,路18：9-14,约5：44,看见→察验→停止比较,少拿别人的人生衡量自己，忠心走神交给你的路。,挖根,今天往里走一步：当“为什么我总和别人比较？”出现时，我最怕失去、最想抓住或最想证明的是什么？,如果暂时不急着解决，我真正担心的是什么？,我目前更像：①被反应推着走 ②开始辨认根源 ③愿意停下来,为今天发现的根源写下一句话：我真正害怕/抓住/证明的是______。,伙伴只问“你发现了什么？”，不急着给答案。,把自己的发现带进一个具体关系。,从比较转向忠心,A,待编写
W08D03,3,8,I 看见自己,LQ03,—,停止比较,为什么我总和别人比较？,别人过得更快、更成功、更被看见，我就开始否定自己。,加6：4-5,罗12：3,路18：9-14,约5：44,看见→察验→停止比较,少拿别人的人生衡量自己，忠心走神交给你的路。,回经文,回到加6：4-5：不要只问“这段经文说了什么”，也问“它正在重新怎样解释我的生活？”,这段经文有没有一句话，正在挑战我对“为什么我总和别人比较？”的原有理解？,经文今天对我更像：①有距离 ②击中一点 ③需要回应,用加6：4-5安静5分钟，记下一句最需要带进生活的话。,小组分享一句经文如何进入自己的生活。,让经文从理解变成生活选择。,从比较转向忠心,A,待编写
W08D04,4,8,I 看见自己,LQ03,—,停止比较,为什么我总和别人比较？,别人过得更快、更成功、更被看见，我就开始否定自己。,路18：9-14,罗12：3,路18：9-14,约5：44,看见→察验→停止比较,少拿别人的人生衡量自己，忠心走神交给你的路。,对照,把自己的旧习惯与新约的方向放在一起看：门徒学习按神所托付的衡量忠心，而不是用别人的人生替自己打分。,我现在的做法，与今天看见的福音方向差在哪里？,我目前更像：①仍按旧标准生活 ②开始调整 ③已经在实践,做一个小调整，方向是：少拿别人的人生衡量自己，忠心走神交给你的路。,伙伴帮助辨认差距，不评判属灵程度。,让生命方向影响家庭、工作或群体。,从比较转向忠心,A,待编写
W08D05,5,8,I 看见自己,LQ03,—,停止比较,为什么我总和别人比较？,别人过得更快、更成功、更被看见，我就开始否定自己。,约5：44,罗12：3,路18：9-14,约5：44,看见→察验→停止比较,少拿别人的人生衡量自己，忠心走神交给你的路。,行动,把今天的回应缩小成一个可执行动作：本周少看一次最容易触发比较的信息源，多做一件自己的责任。,今天我能做哪一个小而真实的改变？,今天的行动更像：①还没做 ②做了一点 ③认真完成了,今天完成一个“小步行动”：本周少看一次最容易触发比较的信息源，多做一件自己的责任。,伙伴只追踪一个具体行动有没有发生。,一个小行动，就是生命果子的起点。,从比较转向忠心,A,待编写
W08D06,6,8,I 看见自己,LQ03,—,停止比较,为什么我总和别人比较？,别人过得更快、更成功、更被看见，我就开始否定自己。,罗12：3,罗12：3,路18：9-14,约5：44,看见→察验→停止比较,少拿别人的人生衡量自己，忠心走神交给你的路。,关系与传递,把生命放进关系里：今天谁会因为我的选择而受益、受伤或得到安慰？,我的选择会怎样影响身边一个具体的人？,在关系里我更像：①只顾自己 ②开始留意别人 ③主动做了一件事,把今天的行动带进一个真实关系；伙伴只问“你今天忠于什么？”,比较之后，我通常会更忠心，还是更焦虑？,不把比较转化成竞争，转化为彼此成全,从比较转向忠心,A,待编写
W08D07,7,8,I 看见自己,LQ03,—,停止比较,为什么我总和别人比较？,别人过得更快、更成功、更被看见，我就开始否定自己。,加6：4-5,罗12：3,路18：9-14,约5：44,看见→察验→停止比较,少拿别人的人生衡量自己，忠心走神交给你的路。,回顾,回顾这一周：我有没有从这个生命问题走出一点新的方向？下一步只保留一个继续操练的重点。,这周什么真的改变了一点？什么仍需要继续？,这一周我更像：①没有变化 ②有一个小变化 ③准备继续,写下“一个改变、一个未完成、一个下一步”。,伙伴只问“你今天忠于什么？”,把这一周的学习带进下一周，而不是停在课程结束。,从比较转向忠心,A,待编写
W09D01,1,9,I 看见自己,LQ07,—,面对失败,失败以后我怎么办？,一次失败容易被解释成“我不行”“我完了”。,林后12：7-10,林后4：7-18,路22：54-62,约21：15-19,面对→带到基督面前→继续,失败不能决定终点，把失败带到基督面前继续走。,看见,先看见自己正在经历的“失败以后我怎么办？”，不用急着改变，先辨认它在生活中什么时候出现。,今天什么时候最容易出现这个问题：“失败以后我怎么办？”？,我今天更像：①没有留意 ②已经看见 ③正在面对,记录一次真实场景，只写“发生了什么”，不急着评价自己。,可以只分享一个真实场景，不解释、不辩护。,先让福音进入自己的真实生活。,从失败羞耻转向恩典与成长,A,待编写
W09D02,2,9,I 看见自己,LQ07,—,面对失败,失败以后我怎么办？,一次失败容易被解释成“我不行”“我完了”。,林后4：7-18,林后4：7-18,路22：54-62,约21：15-19,面对→带到基督面前→继续,失败不能决定终点，把失败带到基督面前继续走。,挖根,今天往里走一步：当“失败以后我怎么办？”出现时，我最怕失去、最想抓住或最想证明的是什么？,如果暂时不急着解决，我真正担心的是什么？,我目前更像：①被反应推着走 ②开始辨认根源 ③愿意停下来,为今天发现的根源写下一句话：我真正害怕/抓住/证明的是______。,伙伴只问“你发现了什么？”，不急着给答案。,把自己的发现带进一个具体关系。,从失败羞耻转向恩典与成长,A,待编写
W09D03,3,9,I 看见自己,LQ07,—,面对失败,失败以后我怎么办？,一次失败容易被解释成“我不行”“我完了”。,林后12：7-10,林后4：7-18,路22：54-62,约21：15-19,面对→带到基督面前→继续,失败不能决定终点，把失败带到基督面前继续走。,回经文,回到林后12：7-10：不要只问“这段经文说了什么”，也问“它正在重新怎样解释我的生活？”,这段经文有没有一句话，正在挑战我对“失败以后我怎么办？”的原有理解？,经文今天对我更像：①有距离 ②击中一点 ③需要回应,用林后12：7-10安静5分钟，记下一句最需要带进生活的话。,小组分享一句经文如何进入自己的生活。,让经文从理解变成生活选择。,从失败羞耻转向恩典与成长,A,待编写
W09D04,4,9,I 看见自己,LQ07,—,面对失败,失败以后我怎么办？,一次失败容易被解释成“我不行”“我完了”。,路22：54-62,林后4：7-18,路22：54-62,约21：15-19,面对→带到基督面前→继续,失败不能决定终点，把失败带到基督面前继续走。,对照,把自己的旧习惯与新约的方向放在一起看：新约不浪漫化失败，却让人学习在软弱中经历基督的恩典，并继续前行。,我现在的做法，与今天看见的福音方向差在哪里？,我目前更像：①仍按旧标准生活 ②开始调整 ③已经在实践,做一个小调整，方向是：失败不能决定终点，把失败带到基督面前继续走。,伙伴帮助辨认差距，不评判属灵程度。,让生命方向影响家庭、工作或群体。,从失败羞耻转向恩典与成长,A,待编写
W09D05,5,9,I 看见自己,LQ07,—,面对失败,失败以后我怎么办？,一次失败容易被解释成“我不行”“我完了”。,约21：15-19,林后4：7-18,路22：54-62,约21：15-19,面对→带到基督面前→继续,失败不能决定终点，把失败带到基督面前继续走。,行动,把今天的回应缩小成一个可执行动作：做一件失败后一直拖着没做的补偿或修复行动。,今天我能做哪一个小而真实的改变？,今天的行动更像：①还没做 ②做了一点 ③认真完成了,今天完成一个“小步行动”：做一件失败后一直拖着没做的补偿或修复行动。,伙伴只追踪一个具体行动有没有发生。,一个小行动，就是生命果子的起点。,从失败羞耻转向恩典与成长,A,待编写
W09D06,6,9,I 看见自己,LQ07,—,面对失败,失败以后我怎么办？,一次失败容易被解释成“我不行”“我完了”。,林后4：7-18,林后4：7-18,路22：54-62,约21：15-19,面对→带到基督面前→继续,失败不能决定终点，把失败带到基督面前继续走。,关系与传递,把生命放进关系里：今天谁会因为我的选择而受益、受伤或得到安慰？,我的选择会怎样影响身边一个具体的人？,在关系里我更像：①只顾自己 ②开始留意别人 ③主动做了一件事,把今天的行动带进一个真实关系；伙伴只关注下一步行动，不评价过去。,我是在面对失败，还是在逃避失败带来的羞耻？,必要时主动向受影响的人道歉或修复,从失败羞耻转向恩典与成长,A,待编写
W09D07,7,9,I 看见自己,LQ07,—,面对失败,失败以后我怎么办？,一次失败容易被解释成“我不行”“我完了”。,林后12：7-10,林后4：7-18,路22：54-62,约21：15-19,面对→带到基督面前→继续,失败不能决定终点，把失败带到基督面前继续走。,回顾,回顾这一周：我有没有从这个生命问题走出一点新的方向？下一步只保留一个继续操练的重点。,这周什么真的改变了一点？什么仍需要继续？,这一周我更像：①没有变化 ②有一个小变化 ③准备继续,写下“一个改变、一个未完成、一个下一步”。,伙伴只关注下一步行动，不评价过去。,把这一周的学习带进下一周，而不是停在课程结束。,从失败羞耻转向恩典与成长,A,待编写
W10D01,1,10,I 看见自己,LQ07,LQ01,接受有限,为什么不能接受自己的有限？,总觉得自己必须强、快、全能，才配被需要。,林后4：7,林后12：9-10,路22：24-27,约15：5,看见→接受→求助,你不必成为无所不能的人，神的工作可以在你的有限中显明。,看见,先看见自己正在经历的“为什么不能接受自己的有限？”，不用急着改变，先辨认它在生活中什么时候出现。,今天什么时候最容易出现这个问题：“为什么不能接受自己的有限？”？,我今天更像：①没有留意 ②已经看见 ③正在面对,记录一次真实场景，只写“发生了什么”，不急着评价自己。,可以只分享一个真实场景，不解释、不辩护。,先让福音进入自己的真实生活。,从全能幻想转向受造者的真实,A,待编写
W10D02,2,10,I 看见自己,LQ07,LQ01,接受有限,为什么不能接受自己的有限？,总觉得自己必须强、快、全能，才配被需要。,林后12：9-10,林后12：9-10,路22：24-27,约15：5,看见→接受→求助,你不必成为无所不能的人，神的工作可以在你的有限中显明。,挖根,今天往里走一步：当“为什么不能接受自己的有限？”出现时，我最怕失去、最想抓住或最想证明的是什么？,如果暂时不急着解决，我真正担心的是什么？,我目前更像：①被反应推着走 ②开始辨认根源 ③愿意停下来,为今天发现的根源写下一句话：我真正害怕/抓住/证明的是______。,伙伴只问“你发现了什么？”，不急着给答案。,把自己的发现带进一个具体关系。,从全能幻想转向受造者的真实,A,待编写
W10D03,3,10,I 看见自己,LQ07,LQ01,接受有限,为什么不能接受自己的有限？,总觉得自己必须强、快、全能，才配被需要。,林后4：7,林后12：9-10,路22：24-27,约15：5,看见→接受→求助,你不必成为无所不能的人，神的工作可以在你的有限中显明。,回经文,回到林后4：7：不要只问“这段经文说了什么”，也问“它正在重新怎样解释我的生活？”,这段经文有没有一句话，正在挑战我对“为什么不能接受自己的有限？”的原有理解？,经文今天对我更像：①有距离 ②击中一点 ③需要回应,用林后4：7安静5分钟，记下一句最需要带进生活的话。,小组分享一句经文如何进入自己的生活。,让经文从理解变成生活选择。,从全能幻想转向受造者的真实,A,待编写
W10D04,4,10,I 看见自己,LQ07,LQ01,接受有限,为什么不能接受自己的有限？,总觉得自己必须强、快、全能，才配被需要。,路22：24-27,林后12：9-10,路22：24-27,约15：5,看见→接受→求助,你不必成为无所不能的人，神的工作可以在你的有限中显明。,对照,把自己的旧习惯与新约的方向放在一起看：神的工作可以在人的有限与软弱中显明，成熟不等于无所不能。,我现在的做法，与今天看见的福音方向差在哪里？,我目前更像：①仍按旧标准生活 ②开始调整 ③已经在实践,做一个小调整，方向是：你不必成为无所不能的人，神的工作可以在你的有限中显明。,伙伴帮助辨认差距，不评判属灵程度。,让生命方向影响家庭、工作或群体。,从全能幻想转向受造者的真实,A,待编写
W10D05,5,10,I 看见自己,LQ07,LQ01,接受有限,为什么不能接受自己的有限？,总觉得自己必须强、快、全能，才配被需要。,约15：5,林后12：9-10,路22：24-27,约15：5,看见→接受→求助,你不必成为无所不能的人，神的工作可以在你的有限中显明。,行动,把今天的回应缩小成一个可执行动作：本周主动说一次“我做不到，需要帮助”。,今天我能做哪一个小而真实的改变？,今天的行动更像：①还没做 ②做了一点 ③认真完成了,今天完成一个“小步行动”：本周主动说一次“我做不到，需要帮助”。,伙伴只追踪一个具体行动有没有发生。,一个小行动，就是生命果子的起点。,从全能幻想转向受造者的真实,A,待编写
W10D06,6,10,I 看见自己,LQ07,LQ01,接受有限,为什么不能接受自己的有限？,总觉得自己必须强、快、全能，才配被需要。,林后12：9-10,林后12：9-10,路22：24-27,约15：5,看见→接受→求助,你不必成为无所不能的人，神的工作可以在你的有限中显明。,关系与传递,把生命放进关系里：今天谁会因为我的选择而受益、受伤或得到安慰？,我的选择会怎样影响身边一个具体的人？,在关系里我更像：①只顾自己 ②开始留意别人 ③主动做了一件事,把今天的行动带进一个真实关系；伙伴记录一次求助，而不是夸奖坚强。,我最难承认的有限是什么？为什么？,让求助与互相担当成为群体文化,从全能幻想转向受造者的真实,A,待编写
W10D07,7,10,I 看见自己,LQ07,LQ01,接受有限,为什么不能接受自己的有限？,总觉得自己必须强、快、全能，才配被需要。,林后4：7,林后12：9-10,路22：24-27,约15：5,看见→接受→求助,你不必成为无所不能的人，神的工作可以在你的有限中显明。,回顾,回顾这一周：我有没有从这个生命问题走出一点新的方向？下一步只保留一个继续操练的重点。,这周什么真的改变了一点？什么仍需要继续？,这一周我更像：①没有变化 ②有一个小变化 ③准备继续,写下“一个改变、一个未完成、一个下一步”。,伙伴记录一次求助，而不是夸奖坚强。,把这一周的学习带进下一周，而不是停在课程结束。,从全能幻想转向受造者的真实,A,待编写
W11D01,1,11,I 看见自己,LQ03,—,重新安排生命,什么值得我花时间？,时间被工作、手机、信息和别人需求不断切碎。,弗5：15-17,腓3：13-14,路5：15-16,约15：4-5,看见→选择→安排,不要只是把时间填满，先分辨什么值得。,看见,先看见自己正在经历的“什么值得我花时间？”，不用急着改变，先辨认它在生活中什么时候出现。,今天什么时候最容易出现这个问题：“什么值得我花时间？”？,我今天更像：①没有留意 ②已经看见 ③正在面对,记录一次真实场景，只写“发生了什么”，不急着评价自己。,可以只分享一个真实场景，不解释、不辩护。,先让福音进入自己的真实生活。,从被时间推着走转向主动忠心,A,待编写
W11D02,2,11,I 看见自己,LQ03,—,重新安排生命,什么值得我花时间？,时间被工作、手机、信息和别人需求不断切碎。,腓3：13-14,腓3：13-14,路5：15-16,约15：4-5,看见→选择→安排,不要只是把时间填满，先分辨什么值得。,挖根,今天往里走一步：当“什么值得我花时间？”出现时，我最怕失去、最想抓住或最想证明的是什么？,如果暂时不急着解决，我真正担心的是什么？,我目前更像：①被反应推着走 ②开始辨认根源 ③愿意停下来,为今天发现的根源写下一句话：我真正害怕/抓住/证明的是______。,伙伴只问“你发现了什么？”，不急着给答案。,把自己的发现带进一个具体关系。,从被时间推着走转向主动忠心,A,待编写
W11D03,3,11,I 看见自己,LQ03,—,重新安排生命,什么值得我花时间？,时间被工作、手机、信息和别人需求不断切碎。,弗5：15-17,腓3：13-14,路5：15-16,约15：4-5,看见→选择→安排,不要只是把时间填满，先分辨什么值得。,回经文,回到弗5：15-17：不要只问“这段经文说了什么”，也问“它正在重新怎样解释我的生活？”,这段经文有没有一句话，正在挑战我对“什么值得我花时间？”的原有理解？,经文今天对我更像：①有距离 ②击中一点 ③需要回应,用弗5：15-17安静5分钟，记下一句最需要带进生活的话。,小组分享一句经文如何进入自己的生活。,让经文从理解变成生活选择。,从被时间推着走转向主动忠心,A,待编写
W11D04,4,11,I 看见自己,LQ03,—,重新安排生命,什么值得我花时间？,时间被工作、手机、信息和别人需求不断切碎。,路5：15-16,腓3：13-14,路5：15-16,约15：4-5,看见→选择→安排,不要只是把时间填满，先分辨什么值得。,对照,把自己的旧习惯与新约的方向放在一起看：时间管理的深层不是效率，而是生命方向与优先次序。,我现在的做法，与今天看见的福音方向差在哪里？,我目前更像：①仍按旧标准生活 ②开始调整 ③已经在实践,做一个小调整，方向是：不要只是把时间填满，先分辨什么值得。,伙伴帮助辨认差距，不评判属灵程度。,让生命方向影响家庭、工作或群体。,从被时间推着走转向主动忠心,A,待编写
W11D05,5,11,I 看见自己,LQ03,—,重新安排生命,什么值得我花时间？,时间被工作、手机、信息和别人需求不断切碎。,约15：4-5,腓3：13-14,路5：15-16,约15：4-5,看见→选择→安排,不要只是把时间填满，先分辨什么值得。,行动,把今天的回应缩小成一个可执行动作：本周固定一个“优先时段”，不被次要事项占用。,今天我能做哪一个小而真实的改变？,今天的行动更像：①还没做 ②做了一点 ③认真完成了,今天完成一个“小步行动”：本周固定一个“优先时段”，不被次要事项占用。,伙伴只追踪一个具体行动有没有发生。,一个小行动，就是生命果子的起点。,从被时间推着走转向主动忠心,A,待编写
W11D06,6,11,I 看见自己,LQ03,—,重新安排生命,什么值得我花时间？,时间被工作、手机、信息和别人需求不断切碎。,腓3：13-14,腓3：13-14,路5：15-16,约15：4-5,看见→选择→安排,不要只是把时间填满，先分辨什么值得。,关系与传递,把生命放进关系里：今天谁会因为我的选择而受益、受伤或得到安慰？,我的选择会怎样影响身边一个具体的人？,在关系里我更像：①只顾自己 ②开始留意别人 ③主动做了一件事,把今天的行动带进一个真实关系；伙伴看日程中的一个改变。,我的日程最诚实地告诉我，我认为什么重要？,让优先次序具体进入家庭、工作、教会,从被时间推着走转向主动忠心,A,待编写
W11D07,7,11,I 看见自己,LQ03,—,重新安排生命,什么值得我花时间？,时间被工作、手机、信息和别人需求不断切碎。,弗5：15-17,腓3：13-14,路5：15-16,约15：4-5,看见→选择→安排,不要只是把时间填满，先分辨什么值得。,回顾,回顾这一周：我有没有从这个生命问题走出一点新的方向？下一步只保留一个继续操练的重点。,这周什么真的改变了一点？什么仍需要继续？,这一周我更像：①没有变化 ②有一个小变化 ③准备继续,写下“一个改变、一个未完成、一个下一步”。,伙伴看日程中的一个改变。,把这一周的学习带进下一周，而不是停在课程结束。,从被时间推着走转向主动忠心,A,待编写
W12D01,1,12,I 看见自己,LQ04,—,学习等候,我怎样学习等候？,看不到结果时容易焦虑、加速、放弃或自行操控。,罗8：24-25,罗5：3-5,路2：25-38,约14：27,等候→坚持→盼望,还没有看见结果，也可以在盼望中继续等候。,看见,先看见自己正在经历的“我怎样学习等候？”，不用急着改变，先辨认它在生活中什么时候出现。,今天什么时候最容易出现这个问题：“我怎样学习等候？”？,我今天更像：①没有留意 ②已经看见 ③正在面对,记录一次真实场景，只写“发生了什么”，不急着评价自己。,可以只分享一个真实场景，不解释、不辩护。,先让福音进入自己的真实生活。,从急于控制转向盼望中的忍耐,A,待编写
W12D02,2,12,I 看见自己,LQ04,—,学习等候,我怎样学习等候？,看不到结果时容易焦虑、加速、放弃或自行操控。,罗5：3-5,罗5：3-5,路2：25-38,约14：27,等候→坚持→盼望,还没有看见结果，也可以在盼望中继续等候。,挖根,今天往里走一步：当“我怎样学习等候？”出现时，我最怕失去、最想抓住或最想证明的是什么？,如果暂时不急着解决，我真正担心的是什么？,我目前更像：①被反应推着走 ②开始辨认根源 ③愿意停下来,为今天发现的根源写下一句话：我真正害怕/抓住/证明的是______。,伙伴只问“你发现了什么？”，不急着给答案。,把自己的发现带进一个具体关系。,从急于控制转向盼望中的忍耐,A,待编写
W12D03,3,12,I 看见自己,LQ04,—,学习等候,我怎样学习等候？,看不到结果时容易焦虑、加速、放弃或自行操控。,罗8：24-25,罗5：3-5,路2：25-38,约14：27,等候→坚持→盼望,还没有看见结果，也可以在盼望中继续等候。,回经文,回到罗8：24-25：不要只问“这段经文说了什么”，也问“它正在重新怎样解释我的生活？”,这段经文有没有一句话，正在挑战我对“我怎样学习等候？”的原有理解？,经文今天对我更像：①有距离 ②击中一点 ③需要回应,用罗8：24-25安静5分钟，记下一句最需要带进生活的话。,小组分享一句经文如何进入自己的生活。,让经文从理解变成生活选择。,从急于控制转向盼望中的忍耐,A,待编写
W12D04,4,12,I 看见自己,LQ04,—,学习等候,我怎样学习等候？,看不到结果时容易焦虑、加速、放弃或自行操控。,路2：25-38,罗5：3-5,路2：25-38,约14：27,等候→坚持→盼望,还没有看见结果，也可以在盼望中继续等候。,对照,把自己的旧习惯与新约的方向放在一起看：等候不是停滞，而是在尚未看见结果时继续信靠并忠心。,我现在的做法，与今天看见的福音方向差在哪里？,我目前更像：①仍按旧标准生活 ②开始调整 ③已经在实践,做一个小调整，方向是：还没有看见结果，也可以在盼望中继续等候。,伙伴帮助辨认差距，不评判属灵程度。,让生命方向影响家庭、工作或群体。,从急于控制转向盼望中的忍耐,A,待编写
W12D05,5,12,I 看见自己,LQ04,—,学习等候,我怎样学习等候？,看不到结果时容易焦虑、加速、放弃或自行操控。,约14：27,罗5：3-5,路2：25-38,约14：27,等候→坚持→盼望,还没有看见结果，也可以在盼望中继续等候。,行动,把今天的回应缩小成一个可执行动作：本周不因焦虑而提前做一个本可等候的决定。,今天我能做哪一个小而真实的改变？,今天的行动更像：①还没做 ②做了一点 ③认真完成了,今天完成一个“小步行动”：本周不因焦虑而提前做一个本可等候的决定。,伙伴只追踪一个具体行动有没有发生。,一个小行动，就是生命果子的起点。,从急于控制转向盼望中的忍耐,A,待编写
W12D06,6,12,I 看见自己,LQ04,—,学习等候,我怎样学习等候？,看不到结果时容易焦虑、加速、放弃或自行操控。,罗5：3-5,罗5：3-5,路2：25-38,约14：27,等候→坚持→盼望,还没有看见结果，也可以在盼望中继续等候。,关系与传递,把生命放进关系里：今天谁会因为我的选择而受益、受伤或得到安慰？,我的选择会怎样影响身边一个具体的人？,在关系里我更像：①只顾自己 ②开始留意别人 ③主动做了一件事,把今天的行动带进一个真实关系；伙伴只问：“你怎样等候？”,我为什么这么急？我害怕什么不会发生？,在别人等候时提供陪伴而非催促,从急于控制转向盼望中的忍耐,A,待编写
W12D07,7,12,I 看见自己,LQ04,—,学习等候,我怎样学习等候？,看不到结果时容易焦虑、加速、放弃或自行操控。,罗8：24-25,罗5：3-5,路2：25-38,约14：27,等候→坚持→盼望,还没有看见结果，也可以在盼望中继续等候。,回顾,回顾这一周：我有没有从这个生命问题走出一点新的方向？下一步只保留一个继续操练的重点。,这周什么真的改变了一点？什么仍需要继续？,这一周我更像：①没有变化 ②有一个小变化 ③准备继续,写下“一个改变、一个未完成、一个下一步”。,伙伴只问：“你怎样等候？”,把这一周的学习带进下一周，而不是停在课程结束。,从急于控制转向盼望中的忍耐,A,待编写
W13D01,1,13,I 看见自己,LQ01,LQ04,阶段省察,我真正看见了自己什么？,经过前12周，需要把重复出现的生命模式看清楚。,林后13：5,罗12：3,路6：39-42,约15：1-5,回顾→命名→重新定位,停下来看看：什么正在塑造我？,看见,先看见自己正在经历的“我真正看见了自己什么？”，不用急着改变，先辨认它在生活中什么时候出现。,今天什么时候最容易出现这个问题：“我真正看见了自己什么？”？,我今天更像：①没有留意 ②已经看见 ③正在面对,记录一次真实场景，只写“发生了什么”，不急着评价自己。,可以只分享一个真实场景，不解释、不辩护。,先让福音进入自己的真实生活。,从无意识模式走向属灵省察,A,待编写
W13D02,2,13,I 看见自己,LQ01,LQ04,阶段省察,我真正看见了自己什么？,经过前12周，需要把重复出现的生命模式看清楚。,罗12：3,罗12：3,路6：39-42,约15：1-5,回顾→命名→重新定位,停下来看看：什么正在塑造我？,挖根,今天往里走一步：当“我真正看见了自己什么？”出现时，我最怕失去、最想抓住或最想证明的是什么？,如果暂时不急着解决，我真正担心的是什么？,我目前更像：①被反应推着走 ②开始辨认根源 ③愿意停下来,为今天发现的根源写下一句话：我真正害怕/抓住/证明的是______。,伙伴只问“你发现了什么？”，不急着给答案。,把自己的发现带进一个具体关系。,从无意识模式走向属灵省察,A,待编写
W13D03,3,13,I 看见自己,LQ01,LQ04,阶段省察,我真正看见了自己什么？,经过前12周，需要把重复出现的生命模式看清楚。,林后13：5,罗12：3,路6：39-42,约15：1-5,回顾→命名→重新定位,停下来看看：什么正在塑造我？,回经文,回到林后13：5：不要只问“这段经文说了什么”，也问“它正在重新怎样解释我的生活？”,这段经文有没有一句话，正在挑战我对“我真正看见了自己什么？”的原有理解？,经文今天对我更像：①有距离 ②击中一点 ③需要回应,用林后13：5安静5分钟，记下一句最需要带进生活的话。,小组分享一句经文如何进入自己的生活。,让经文从理解变成生活选择。,从无意识模式走向属灵省察,A,待编写
W13D04,4,13,I 看见自己,LQ01,LQ04,阶段省察,我真正看见了自己什么？,经过前12周，需要把重复出现的生命模式看清楚。,路6：39-42,罗12：3,路6：39-42,约15：1-5,回顾→命名→重新定位,停下来看看：什么正在塑造我？,对照,把自己的旧习惯与新约的方向放在一起看：生命改变往往从看见自己正在重复什么开始。,我现在的做法，与今天看见的福音方向差在哪里？,我目前更像：①仍按旧标准生活 ②开始调整 ③已经在实践,做一个小调整，方向是：停下来看看：什么正在塑造我？。,伙伴帮助辨认差距，不评判属灵程度。,让生命方向影响家庭、工作或群体。,从无意识模式走向属灵省察,A,待编写
W13D05,5,13,I 看见自己,LQ01,LQ04,阶段省察,我真正看见了自己什么？,经过前12周，需要把重复出现的生命模式看清楚。,约15：1-5,罗12：3,路6：39-42,约15：1-5,回顾→命名→重新定位,停下来看看：什么正在塑造我？,行动,把今天的回应缩小成一个可执行动作：只改一个模式，不同时解决所有问题。,今天我能做哪一个小而真实的改变？,今天的行动更像：①还没做 ②做了一点 ③认真完成了,今天完成一个“小步行动”：只改一个模式，不同时解决所有问题。,伙伴只追踪一个具体行动有没有发生。,一个小行动，就是生命果子的起点。,从无意识模式走向属灵省察,A,待编写
W13D06,6,13,I 看见自己,LQ01,LQ04,阶段省察,我真正看见了自己什么？,经过前12周，需要把重复出现的生命模式看清楚。,罗12：3,罗12：3,路6：39-42,约15：1-5,回顾→命名→重新定位,停下来看看：什么正在塑造我？,关系与传递,把生命放进关系里：今天谁会因为我的选择而受益、受伤或得到安慰？,我的选择会怎样影响身边一个具体的人？,在关系里我更像：①只顾自己 ②开始留意别人 ③主动做了一件事,把今天的行动带进一个真实关系；伙伴陪伴一个模式的后续30天。,这12周我最常重复哪一种反应？,把个人发现转为后续行动,从无意识模式走向属灵省察,A,待编写
W13D07,7,13,I 看见自己,LQ01,LQ04,阶段省察,我真正看见了自己什么？,经过前12周，需要把重复出现的生命模式看清楚。,林后13：5,罗12：3,路6：39-42,约15：1-5,回顾→命名→重新定位,停下来看看：什么正在塑造我？,回顾,回顾这一周：我有没有从这个生命问题走出一点新的方向？下一步只保留一个继续操练的重点。,这周什么真的改变了一点？什么仍需要继续？,这一周我更像：①没有变化 ②有一个小变化 ③准备继续,写下“一个改变、一个未完成、一个下一步”。,伙伴陪伴一个模式的后续30天。,把这一周的学习带进下一周，而不是停在课程结束。,从无意识模式走向属灵省察,A,待编写
W14D01,1,14,II 重新连接,LQ05,—,进入神的家,我属于哪里？,即使有很多社交关系，仍可能不知道自己真正属于谁。,弗2：19-22,罗12：4-5,路14：15-24,约10,进入→连接→参与,福音不仅给我个人答案，也把我带进神的家。,看见,先看见自己正在经历的“我属于哪里？”，不用急着改变，先辨认它在生活中什么时候出现。,今天什么时候最容易出现这个问题：“我属于哪里？”？,我今天更像：①没有留意 ②已经看见 ③正在面对,记录一次真实场景，只写“发生了什么”，不急着评价自己。,可以只分享一个真实场景，不解释、不辩护。,先让福音进入自己的真实生活。,从孤立个人进入神的家,A,待编写
W14D02,2,14,II 重新连接,LQ05,—,进入神的家,我属于哪里？,即使有很多社交关系，仍可能不知道自己真正属于谁。,罗12：4-5,罗12：4-5,路14：15-24,约10,进入→连接→参与,福音不仅给我个人答案，也把我带进神的家。,挖根,今天往里走一步：当“我属于哪里？”出现时，我最怕失去、最想抓住或最想证明的是什么？,如果暂时不急着解决，我真正担心的是什么？,我目前更像：①被反应推着走 ②开始辨认根源 ③愿意停下来,为今天发现的根源写下一句话：我真正害怕/抓住/证明的是______。,伙伴只问“你发现了什么？”，不急着给答案。,把自己的发现带进一个具体关系。,从孤立个人进入神的家,A,待编写
W14D03,3,14,II 重新连接,LQ05,—,进入神的家,我属于哪里？,即使有很多社交关系，仍可能不知道自己真正属于谁。,弗2：19-22,罗12：4-5,路14：15-24,约10,进入→连接→参与,福音不仅给我个人答案，也把我带进神的家。,回经文,回到弗2：19-22：不要只问“这段经文说了什么”，也问“它正在重新怎样解释我的生活？”,这段经文有没有一句话，正在挑战我对“我属于哪里？”的原有理解？,经文今天对我更像：①有距离 ②击中一点 ③需要回应,用弗2：19-22安静5分钟，记下一句最需要带进生活的话。,小组分享一句经文如何进入自己的生活。,让经文从理解变成生活选择。,从孤立个人进入神的家,A,待编写
W14D04,4,14,II 重新连接,LQ05,—,进入神的家,我属于哪里？,即使有很多社交关系，仍可能不知道自己真正属于谁。,路14：15-24,罗12：4-5,路14：15-24,约10,进入→连接→参与,福音不仅给我个人答案，也把我带进神的家。,对照,把自己的旧习惯与新约的方向放在一起看：福音不仅使人与神和好，也把人带进一个新的家和共同体。,我现在的做法，与今天看见的福音方向差在哪里？,我目前更像：①仍按旧标准生活 ②开始调整 ③已经在实践,做一个小调整，方向是：福音不仅给我个人答案，也把我带进神的家。,伙伴帮助辨认差距，不评判属灵程度。,让生命方向影响家庭、工作或群体。,从孤立个人进入神的家,A,待编写
W14D05,5,14,II 重新连接,LQ05,—,进入神的家,我属于哪里？,即使有很多社交关系，仍可能不知道自己真正属于谁。,约10,罗12：4-5,路14：15-24,约10,进入→连接→参与,福音不仅给我个人答案，也把我带进神的家。,行动,把今天的回应缩小成一个可执行动作：参加一次不只是听讲、而是共同生活的群体活动。,今天我能做哪一个小而真实的改变？,今天的行动更像：①还没做 ②做了一点 ③认真完成了,今天完成一个“小步行动”：参加一次不只是听讲、而是共同生活的群体活动。,伙伴只追踪一个具体行动有没有发生。,一个小行动，就是生命果子的起点。,从孤立个人进入神的家,A,待编写
W14D06,6,14,II 重新连接,LQ05,—,进入神的家,我属于哪里？,即使有很多社交关系，仍可能不知道自己真正属于谁。,罗12：4-5,罗12：4-5,路14：15-24,约10,进入→连接→参与,福音不仅给我个人答案，也把我带进神的家。,关系与传递,把生命放进关系里：今天谁会因为我的选择而受益、受伤或得到安慰？,我的选择会怎样影响身边一个具体的人？,在关系里我更像：①只顾自己 ②开始留意别人 ③主动做了一件事,把今天的行动带进一个真实关系；伙伴约一次面对面或线上深谈。,我现在有哪些关系是真正可以一起生活的？,主动欢迎边缘者,从孤立个人进入神的家,A,待编写
W14D07,7,14,II 重新连接,LQ05,—,进入神的家,我属于哪里？,即使有很多社交关系，仍可能不知道自己真正属于谁。,弗2：19-22,罗12：4-5,路14：15-24,约10,进入→连接→参与,福音不仅给我个人答案，也把我带进神的家。,回顾,回顾这一周：我有没有从这个生命问题走出一点新的方向？下一步只保留一个继续操练的重点。,这周什么真的改变了一点？什么仍需要继续？,这一周我更像：①没有变化 ②有一个小变化 ③准备继续,写下“一个改变、一个未完成、一个下一步”。,伙伴约一次面对面或线上深谈。,把这一周的学习带进下一周，而不是停在课程结束。,从孤立个人进入神的家,A,待编写
W15D01,1,15,II 重新连接,LQ04,LQ05,在看不见中相信,我怎样面对看不见的神？,希望先看清结果、理由和证据，再决定是否继续。,约14：1-6,罗8：24-28,路9：18-27,约14：1-6,疑问→信靠→跟随,看不清结果，也可以继续跟随。,看见,先看见自己正在经历的“我怎样面对看不见的神？”，不用急着改变，先辨认它在生活中什么时候出现。,今天什么时候最容易出现这个问题：“我怎样面对看不见的神？”？,我今天更像：①没有留意 ②已经看见 ③正在面对,记录一次真实场景，只写“发生了什么”，不急着评价自己。,可以只分享一个真实场景，不解释、不辩护。,先让福音进入自己的真实生活。,从要求确定转向信靠,A,待编写
W15D02,2,15,II 重新连接,LQ04,LQ05,在看不见中相信,我怎样面对看不见的神？,希望先看清结果、理由和证据，再决定是否继续。,罗8：24-28,罗8：24-28,路9：18-27,约14：1-6,疑问→信靠→跟随,看不清结果，也可以继续跟随。,挖根,今天往里走一步：当“我怎样面对看不见的神？”出现时，我最怕失去、最想抓住或最想证明的是什么？,如果暂时不急着解决，我真正担心的是什么？,我目前更像：①被反应推着走 ②开始辨认根源 ③愿意停下来,为今天发现的根源写下一句话：我真正害怕/抓住/证明的是______。,伙伴只问“你发现了什么？”，不急着给答案。,把自己的发现带进一个具体关系。,从要求确定转向信靠,A,待编写
W15D03,3,15,II 重新连接,LQ04,LQ05,在看不见中相信,我怎样面对看不见的神？,希望先看清结果、理由和证据，再决定是否继续。,约14：1-6,罗8：24-28,路9：18-27,约14：1-6,疑问→信靠→跟随,看不清结果，也可以继续跟随。,回经文,回到约14：1-6：不要只问“这段经文说了什么”，也问“它正在重新怎样解释我的生活？”,这段经文有没有一句话，正在挑战我对“我怎样面对看不见的神？”的原有理解？,经文今天对我更像：①有距离 ②击中一点 ③需要回应,用约14：1-6安静5分钟，记下一句最需要带进生活的话。,小组分享一句经文如何进入自己的生活。,让经文从理解变成生活选择。,从要求确定转向信靠,A,待编写
W15D04,4,15,II 重新连接,LQ04,LQ05,在看不见中相信,我怎样面对看不见的神？,希望先看清结果、理由和证据，再决定是否继续。,路9：18-27,罗8：24-28,路9：18-27,约14：1-6,疑问→信靠→跟随,看不清结果，也可以继续跟随。,对照,把自己的旧习惯与新约的方向放在一起看：信靠不是看清结果才前进，而是在不完全明白时仍把自己交给基督。,我现在的做法，与今天看见的福音方向差在哪里？,我目前更像：①仍按旧标准生活 ②开始调整 ③已经在实践,做一个小调整，方向是：看不清结果，也可以继续跟随。,伙伴帮助辨认差距，不评判属灵程度。,让生命方向影响家庭、工作或群体。,从要求确定转向信靠,A,待编写
W15D05,5,15,II 重新连接,LQ04,LQ05,在看不见中相信,我怎样面对看不见的神？,希望先看清结果、理由和证据，再决定是否继续。,约14：1-6,罗8：24-28,路9：18-27,约14：1-6,疑问→信靠→跟随,看不清结果，也可以继续跟随。,行动,把今天的回应缩小成一个可执行动作：本周继续忠心做一件还看不到结果的责任。,今天我能做哪一个小而真实的改变？,今天的行动更像：①还没做 ②做了一点 ③认真完成了,今天完成一个“小步行动”：本周继续忠心做一件还看不到结果的责任。,伙伴只追踪一个具体行动有没有发生。,一个小行动，就是生命果子的起点。,从要求确定转向信靠,A,待编写
W15D06,6,15,II 重新连接,LQ04,LQ05,在看不见中相信,我怎样面对看不见的神？,希望先看清结果、理由和证据，再决定是否继续。,罗8：24-28,罗8：24-28,路9：18-27,约14：1-6,疑问→信靠→跟随,看不清结果，也可以继续跟随。,关系与传递,把生命放进关系里：今天谁会因为我的选择而受益、受伤或得到安慰？,我的选择会怎样影响身边一个具体的人？,在关系里我更像：①只顾自己 ②开始留意别人 ③主动做了一件事,把今天的行动带进一个真实关系；伙伴允许问题存在，同时问“你今天如何跟随？”,我真正缺的是答案，还是安全感？,成为别人的稳定陪伴者,从要求确定转向信靠,A,待编写
W15D07,7,15,II 重新连接,LQ04,LQ05,在看不见中相信,我怎样面对看不见的神？,希望先看清结果、理由和证据，再决定是否继续。,约14：1-6,罗8：24-28,路9：18-27,约14：1-6,疑问→信靠→跟随,看不清结果，也可以继续跟随。,回顾,回顾这一周：我有没有从这个生命问题走出一点新的方向？下一步只保留一个继续操练的重点。,这周什么真的改变了一点？什么仍需要继续？,这一周我更像：①没有变化 ②有一个小变化 ③准备继续,写下“一个改变、一个未完成、一个下一步”。,伙伴允许问题存在，同时问“你今天如何跟随？”,把这一周的学习带进下一周，而不是停在课程结束。,从要求确定转向信靠,A,待编写
W16D01,1,16,II 重新连接,LQ05,—,一起生活,为什么人在群体中仍然孤独？,一起出现不等于彼此知道、彼此承担。,徒2：42-47,罗12：4-5,路24：13-35,约13：34-35,连接→分享→承担,真正的群体不是一起出现，而是一起生活。,看见,先看见自己正在经历的“为什么人在群体中仍然孤独？”，不用急着改变，先辨认它在生活中什么时候出现。,今天什么时候最容易出现这个问题：“为什么人在群体中仍然孤独？”？,我今天更像：①没有留意 ②已经看见 ③正在面对,记录一次真实场景，只写“发生了什么”，不急着评价自己。,可以只分享一个真实场景，不解释、不辩护。,先让福音进入自己的真实生活。,从出席群体转向参与共同生活,A,待编写
W16D02,2,16,II 重新连接,LQ05,—,一起生活,为什么人在群体中仍然孤独？,一起出现不等于彼此知道、彼此承担。,罗12：4-5,罗12：4-5,路24：13-35,约13：34-35,连接→分享→承担,真正的群体不是一起出现，而是一起生活。,挖根,今天往里走一步：当“为什么人在群体中仍然孤独？”出现时，我最怕失去、最想抓住或最想证明的是什么？,如果暂时不急着解决，我真正担心的是什么？,我目前更像：①被反应推着走 ②开始辨认根源 ③愿意停下来,为今天发现的根源写下一句话：我真正害怕/抓住/证明的是______。,伙伴只问“你发现了什么？”，不急着给答案。,把自己的发现带进一个具体关系。,从出席群体转向参与共同生活,A,待编写
W16D03,3,16,II 重新连接,LQ05,—,一起生活,为什么人在群体中仍然孤独？,一起出现不等于彼此知道、彼此承担。,徒2：42-47,罗12：4-5,路24：13-35,约13：34-35,连接→分享→承担,真正的群体不是一起出现，而是一起生活。,回经文,回到徒2：42-47：不要只问“这段经文说了什么”，也问“它正在重新怎样解释我的生活？”,这段经文有没有一句话，正在挑战我对“为什么人在群体中仍然孤独？”的原有理解？,经文今天对我更像：①有距离 ②击中一点 ③需要回应,用徒2：42-47安静5分钟，记下一句最需要带进生活的话。,小组分享一句经文如何进入自己的生活。,让经文从理解变成生活选择。,从出席群体转向参与共同生活,A,待编写
W16D04,4,16,II 重新连接,LQ05,—,一起生活,为什么人在群体中仍然孤独？,一起出现不等于彼此知道、彼此承担。,路24：13-35,罗12：4-5,路24：13-35,约13：34-35,连接→分享→承担,真正的群体不是一起出现，而是一起生活。,对照,把自己的旧习惯与新约的方向放在一起看：真正的群体不是一起出现，而是一起学习、一起分享、一起承担。,我现在的做法，与今天看见的福音方向差在哪里？,我目前更像：①仍按旧标准生活 ②开始调整 ③已经在实践,做一个小调整，方向是：真正的群体不是一起出现，而是一起生活。,伙伴帮助辨认差距，不评判属灵程度。,让生命方向影响家庭、工作或群体。,从出席群体转向参与共同生活,A,待编写
W16D05,5,16,II 重新连接,LQ05,—,一起生活,为什么人在群体中仍然孤独？,一起出现不等于彼此知道、彼此承担。,约13：34-35,罗12：4-5,路24：13-35,约13：34-35,连接→分享→承担,真正的群体不是一起出现，而是一起生活。,行动,把今天的回应缩小成一个可执行动作：安排一次至少30分钟的无事务交流。,今天我能做哪一个小而真实的改变？,今天的行动更像：①还没做 ②做了一点 ③认真完成了,今天完成一个“小步行动”：安排一次至少30分钟的无事务交流。,伙伴只追踪一个具体行动有没有发生。,一个小行动，就是生命果子的起点。,从出席群体转向参与共同生活,A,待编写
W16D06,6,16,II 重新连接,LQ05,—,一起生活,为什么人在群体中仍然孤独？,一起出现不等于彼此知道、彼此承担。,罗12：4-5,罗12：4-5,路24：13-35,约13：34-35,连接→分享→承担,真正的群体不是一起出现，而是一起生活。,关系与传递,把生命放进关系里：今天谁会因为我的选择而受益、受伤或得到安慰？,我的选择会怎样影响身边一个具体的人？,在关系里我更像：①只顾自己 ②开始留意别人 ③主动做了一件事,把今天的行动带进一个真实关系；伙伴练习不急着解决问题，只先倾听。,我是不是一直只让别人看见我想让他们看见的一面？,形成可以彼此求助的网络,从出席群体转向参与共同生活,A,待编写
W16D07,7,16,II 重新连接,LQ05,—,一起生活,为什么人在群体中仍然孤独？,一起出现不等于彼此知道、彼此承担。,徒2：42-47,罗12：4-5,路24：13-35,约13：34-35,连接→分享→承担,真正的群体不是一起出现，而是一起生活。,回顾,回顾这一周：我有没有从这个生命问题走出一点新的方向？下一步只保留一个继续操练的重点。,这周什么真的改变了一点？什么仍需要继续？,这一周我更像：①没有变化 ②有一个小变化 ③准备继续,写下“一个改变、一个未完成、一个下一步”。,伙伴练习不急着解决问题，只先倾听。,把这一周的学习带进下一周，而不是停在课程结束。,从出席群体转向参与共同生活,A,待编写
W17D01,1,17,II 重新连接,LQ05,—,学习爱人,怎样在爱中建立真实关系？,期待别人先改变、先理解、先主动。,约13：34-35,罗12：9-10,路10：25-37,约13：34-35,看见→主动→付代价,真实关系从自己先学习基督的爱开始。,看见,先看见自己正在经历的“怎样在爱中建立真实关系？”，不用急着改变，先辨认它在生活中什么时候出现。,今天什么时候最容易出现这个问题：“怎样在爱中建立真实关系？”？,我今天更像：①没有留意 ②已经看见 ③正在面对,记录一次真实场景，只写“发生了什么”，不急着评价自己。,可以只分享一个真实场景，不解释、不辩护。,先让福音进入自己的真实生活。,从被满足转向主动去爱,A,待编写
W17D02,2,17,II 重新连接,LQ05,—,学习爱人,怎样在爱中建立真实关系？,期待别人先改变、先理解、先主动。,罗12：9-10,罗12：9-10,路10：25-37,约13：34-35,看见→主动→付代价,真实关系从自己先学习基督的爱开始。,挖根,今天往里走一步：当“怎样在爱中建立真实关系？”出现时，我最怕失去、最想抓住或最想证明的是什么？,如果暂时不急着解决，我真正担心的是什么？,我目前更像：①被反应推着走 ②开始辨认根源 ③愿意停下来,为今天发现的根源写下一句话：我真正害怕/抓住/证明的是______。,伙伴只问“你发现了什么？”，不急着给答案。,把自己的发现带进一个具体关系。,从被满足转向主动去爱,A,待编写
W17D03,3,17,II 重新连接,LQ05,—,学习爱人,怎样在爱中建立真实关系？,期待别人先改变、先理解、先主动。,约13：34-35,罗12：9-10,路10：25-37,约13：34-35,看见→主动→付代价,真实关系从自己先学习基督的爱开始。,回经文,回到约13：34-35：不要只问“这段经文说了什么”，也问“它正在重新怎样解释我的生活？”,这段经文有没有一句话，正在挑战我对“怎样在爱中建立真实关系？”的原有理解？,经文今天对我更像：①有距离 ②击中一点 ③需要回应,用约13：34-35安静5分钟，记下一句最需要带进生活的话。,小组分享一句经文如何进入自己的生活。,让经文从理解变成生活选择。,从被满足转向主动去爱,A,待编写
W17D04,4,17,II 重新连接,LQ05,—,学习爱人,怎样在爱中建立真实关系？,期待别人先改变、先理解、先主动。,路10：25-37,罗12：9-10,路10：25-37,约13：34-35,看见→主动→付代价,真实关系从自己先学习基督的爱开始。,对照,把自己的旧习惯与新约的方向放在一起看：真实关系不是靠性格相投或利益交换，而是从基督的爱开始，学习主动、真实与舍己。,我现在的做法，与今天看见的福音方向差在哪里？,我目前更像：①仍按旧标准生活 ②开始调整 ③已经在实践,做一个小调整，方向是：真实关系从自己先学习基督的爱开始。,伙伴帮助辨认差距，不评判属灵程度。,让生命方向影响家庭、工作或群体。,从被满足转向主动去爱,A,待编写
W17D05,5,17,II 重新连接,LQ05,—,学习爱人,怎样在爱中建立真实关系？,期待别人先改变、先理解、先主动。,约13：34-35,罗12：9-10,路10：25-37,约13：34-35,看见→主动→付代价,真实关系从自己先学习基督的爱开始。,行动,把今天的回应缩小成一个可执行动作：本周先主动一次，而不是等待对方先来。,今天我能做哪一个小而真实的改变？,今天的行动更像：①还没做 ②做了一点 ③认真完成了,今天完成一个“小步行动”：本周先主动一次，而不是等待对方先来。,伙伴只追踪一个具体行动有没有发生。,一个小行动，就是生命果子的起点。,从被满足转向主动去爱,A,待编写
W17D06,6,17,II 重新连接,LQ05,—,学习爱人,怎样在爱中建立真实关系？,期待别人先改变、先理解、先主动。,罗12：9-10,罗12：9-10,路10：25-37,约13：34-35,看见→主动→付代价,真实关系从自己先学习基督的爱开始。,关系与传递,把生命放进关系里：今天谁会因为我的选择而受益、受伤或得到安慰？,我的选择会怎样影响身边一个具体的人？,在关系里我更像：①只顾自己 ②开始留意别人 ③主动做了一件事,把今天的行动带进一个真实关系；伙伴问“你主动做了什么？”,我最常把“爱”理解成感觉，还是行动？,让主动爱人成为群体习惯,从被满足转向主动去爱,A,待编写
W17D07,7,17,II 重新连接,LQ05,—,学习爱人,怎样在爱中建立真实关系？,期待别人先改变、先理解、先主动。,约13：34-35,罗12：9-10,路10：25-37,约13：34-35,看见→主动→付代价,真实关系从自己先学习基督的爱开始。,回顾,回顾这一周：我有没有从这个生命问题走出一点新的方向？下一步只保留一个继续操练的重点。,这周什么真的改变了一点？什么仍需要继续？,这一周我更像：①没有变化 ②有一个小变化 ③准备继续,写下“一个改变、一个未完成、一个下一步”。,伙伴问“你主动做了什么？”,把这一周的学习带进下一周，而不是停在课程结束。,从被满足转向主动去爱,A,待编写
W18D01,1,18,II 重新连接,LQ07,LQ05,回应伤害,别人伤害我以后怎么办？,受伤后容易反击、冷处理、报复或持续内耗。,罗12：17-21,不要以恶报恶,路17：3-4,约13：1-17,面对→分辨→选择回应,不要让别人的恶决定自己的回应。,看见,先看见自己正在经历的“别人伤害我以后怎么办？”，不用急着改变，先辨认它在生活中什么时候出现。,今天什么时候最容易出现这个问题：“别人伤害我以后怎么办？”？,我今天更像：①没有留意 ②已经看见 ③正在面对,记录一次真实场景，只写“发生了什么”，不急着评价自己。,可以只分享一个真实场景，不解释、不辩护。,先让福音进入自己的真实生活。,从被伤害控制转向基督里的自由回应,A,待编写
W18D02,2,18,II 重新连接,LQ07,LQ05,回应伤害,别人伤害我以后怎么办？,受伤后容易反击、冷处理、报复或持续内耗。,不要以恶报恶,不要以恶报恶,路17：3-4,约13：1-17,面对→分辨→选择回应,不要让别人的恶决定自己的回应。,挖根,今天往里走一步：当“别人伤害我以后怎么办？”出现时，我最怕失去、最想抓住或最想证明的是什么？,如果暂时不急着解决，我真正担心的是什么？,我目前更像：①被反应推着走 ②开始辨认根源 ③愿意停下来,为今天发现的根源写下一句话：我真正害怕/抓住/证明的是______。,伙伴只问“你发现了什么？”，不急着给答案。,把自己的发现带进一个具体关系。,从被伤害控制转向基督里的自由回应,A,待编写
W18D03,3,18,II 重新连接,LQ07,LQ05,回应伤害,别人伤害我以后怎么办？,受伤后容易反击、冷处理、报复或持续内耗。,罗12：17-21,不要以恶报恶,路17：3-4,约13：1-17,面对→分辨→选择回应,不要让别人的恶决定自己的回应。,回经文,回到罗12：17-21：不要只问“这段经文说了什么”，也问“它正在重新怎样解释我的生活？”,这段经文有没有一句话，正在挑战我对“别人伤害我以后怎么办？”的原有理解？,经文今天对我更像：①有距离 ②击中一点 ③需要回应,用罗12：17-21安静5分钟，记下一句最需要带进生活的话。,小组分享一句经文如何进入自己的生活。,让经文从理解变成生活选择。,从被伤害控制转向基督里的自由回应,A,待编写
W18D04,4,18,II 重新连接,LQ07,LQ05,回应伤害,别人伤害我以后怎么办？,受伤后容易反击、冷处理、报复或持续内耗。,路17：3-4,不要以恶报恶,路17：3-4,约13：1-17,面对→分辨→选择回应,不要让别人的恶决定自己的回应。,对照,把自己的旧习惯与新约的方向放在一起看：门徒不能让别人的恶决定自己的回应，仍在真理中选择善。,我现在的做法，与今天看见的福音方向差在哪里？,我目前更像：①仍按旧标准生活 ②开始调整 ③已经在实践,做一个小调整，方向是：不要让别人的恶决定自己的回应。,伙伴帮助辨认差距，不评判属灵程度。,让生命方向影响家庭、工作或群体。,从被伤害控制转向基督里的自由回应,A,待编写
W18D05,5,18,II 重新连接,LQ07,LQ05,回应伤害,别人伤害我以后怎么办？,受伤后容易反击、冷处理、报复或持续内耗。,约13：1-17,不要以恶报恶,路17：3-4,约13：1-17,面对→分辨→选择回应,不要让别人的恶决定自己的回应。,行动,把今天的回应缩小成一个可执行动作：选择一个可安全进行的修复行动，或设立必要界限。,今天我能做哪一个小而真实的改变？,今天的行动更像：①还没做 ②做了一点 ③认真完成了,今天完成一个“小步行动”：选择一个可安全进行的修复行动，或设立必要界限。,伙伴只追踪一个具体行动有没有发生。,一个小行动，就是生命果子的起点。,从被伤害控制转向基督里的自由回应,A,待编写
W18D06,6,18,II 重新连接,LQ07,LQ05,回应伤害,别人伤害我以后怎么办？,受伤后容易反击、冷处理、报复或持续内耗。,不要以恶报恶,不要以恶报恶,路17：3-4,约13：1-17,面对→分辨→选择回应,不要让别人的恶决定自己的回应。,关系与传递,把生命放进关系里：今天谁会因为我的选择而受益、受伤或得到安慰？,我的选择会怎样影响身边一个具体的人？,在关系里我更像：①只顾自己 ②开始留意别人 ③主动做了一件事,把今天的行动带进一个真实关系；伙伴不强迫和好，只陪伴辨认下一步。,我真正想要的是公义、报复，还是恢复？,以善胜恶而非以恶还恶,从被伤害控制转向基督里的自由回应,A,待编写
W18D07,7,18,II 重新连接,LQ07,LQ05,回应伤害,别人伤害我以后怎么办？,受伤后容易反击、冷处理、报复或持续内耗。,罗12：17-21,不要以恶报恶,路17：3-4,约13：1-17,面对→分辨→选择回应,不要让别人的恶决定自己的回应。,回顾,回顾这一周：我有没有从这个生命问题走出一点新的方向？下一步只保留一个继续操练的重点。,这周什么真的改变了一点？什么仍需要继续？,这一周我更像：①没有变化 ②有一个小变化 ③准备继续,写下“一个改变、一个未完成、一个下一步”。,伙伴不强迫和好，只陪伴辨认下一步。,把这一周的学习带进下一周，而不是停在课程结束。,从被伤害控制转向基督里的自由回应,A,待编写
W19D01,1,19,II 重新连接,LQ07,LQ05,饶恕与界限,饶恕是不是纵容？,担心一旦饶恕就意味着伤害不重要、必须重新信任。,西3：12-13,弗4：31-32,路17：3-4,约一1：5-9,理解→分辨→释放,饶恕不是否认伤害，而是不再让伤害支配你的回应。,看见,先看见自己正在经历的“饶恕是不是纵容？”，不用急着改变，先辨认它在生活中什么时候出现。,今天什么时候最容易出现这个问题：“饶恕是不是纵容？”？,我今天更像：①没有留意 ②已经看见 ③正在面对,记录一次真实场景，只写“发生了什么”，不急着评价自己。,可以只分享一个真实场景，不解释、不辩护。,先让福音进入自己的真实生活。,从持续内耗转向饶恕中的自由,A,待编写
W19D02,2,19,II 重新连接,LQ07,LQ05,饶恕与界限,饶恕是不是纵容？,担心一旦饶恕就意味着伤害不重要、必须重新信任。,弗4：31-32,弗4：31-32,路17：3-4,约一1：5-9,理解→分辨→释放,饶恕不是否认伤害，而是不再让伤害支配你的回应。,挖根,今天往里走一步：当“饶恕是不是纵容？”出现时，我最怕失去、最想抓住或最想证明的是什么？,如果暂时不急着解决，我真正担心的是什么？,我目前更像：①被反应推着走 ②开始辨认根源 ③愿意停下来,为今天发现的根源写下一句话：我真正害怕/抓住/证明的是______。,伙伴只问“你发现了什么？”，不急着给答案。,把自己的发现带进一个具体关系。,从持续内耗转向饶恕中的自由,A,待编写
W19D03,3,19,II 重新连接,LQ07,LQ05,饶恕与界限,饶恕是不是纵容？,担心一旦饶恕就意味着伤害不重要、必须重新信任。,西3：12-13,弗4：31-32,路17：3-4,约一1：5-9,理解→分辨→释放,饶恕不是否认伤害，而是不再让伤害支配你的回应。,回经文,回到西3：12-13：不要只问“这段经文说了什么”，也问“它正在重新怎样解释我的生活？”,这段经文有没有一句话，正在挑战我对“饶恕是不是纵容？”的原有理解？,经文今天对我更像：①有距离 ②击中一点 ③需要回应,用西3：12-13安静5分钟，记下一句最需要带进生活的话。,小组分享一句经文如何进入自己的生活。,让经文从理解变成生活选择。,从持续内耗转向饶恕中的自由,A,待编写
W19D04,4,19,II 重新连接,LQ07,LQ05,饶恕与界限,饶恕是不是纵容？,担心一旦饶恕就意味着伤害不重要、必须重新信任。,路17：3-4,弗4：31-32,路17：3-4,约一1：5-9,理解→分辨→释放,饶恕不是否认伤害，而是不再让伤害支配你的回应。,对照,把自己的旧习惯与新约的方向放在一起看：饶恕不是否认伤害，也不等于取消界限、责任或后果。,我现在的做法，与今天看见的福音方向差在哪里？,我目前更像：①仍按旧标准生活 ②开始调整 ③已经在实践,做一个小调整，方向是：饶恕不是否认伤害，而是不再让伤害支配你的回应。,伙伴帮助辨认差距，不评判属灵程度。,让生命方向影响家庭、工作或群体。,从持续内耗转向饶恕中的自由,A,待编写
W19D05,5,19,II 重新连接,LQ07,LQ05,饶恕与界限,饶恕是不是纵容？,担心一旦饶恕就意味着伤害不重要、必须重新信任。,约一1：5-9,弗4：31-32,路17：3-4,约一1：5-9,理解→分辨→释放,饶恕不是否认伤害，而是不再让伤害支配你的回应。,行动,把今天的回应缩小成一个可执行动作：在安全前提下停止一次反复回放伤害的行为。,今天我能做哪一个小而真实的改变？,今天的行动更像：①还没做 ②做了一点 ③认真完成了,今天完成一个“小步行动”：在安全前提下停止一次反复回放伤害的行为。,伙伴只追踪一个具体行动有没有发生。,一个小行动，就是生命果子的起点。,从持续内耗转向饶恕中的自由,A,待编写
W19D06,6,19,II 重新连接,LQ07,LQ05,饶恕与界限,饶恕是不是纵容？,担心一旦饶恕就意味着伤害不重要、必须重新信任。,弗4：31-32,弗4：31-32,路17：3-4,约一1：5-9,理解→分辨→释放,饶恕不是否认伤害，而是不再让伤害支配你的回应。,关系与传递,把生命放进关系里：今天谁会因为我的选择而受益、受伤或得到安慰？,我的选择会怎样影响身边一个具体的人？,在关系里我更像：①只顾自己 ②开始留意别人 ③主动做了一件事,把今天的行动带进一个真实关系；伙伴只听，不替当事人决定是否恢复关系。,我把哪些概念混在了一起：饶恕、信任、和好、界限？,在合宜界限中追求和好,从持续内耗转向饶恕中的自由,A,待编写
W19D07,7,19,II 重新连接,LQ07,LQ05,饶恕与界限,饶恕是不是纵容？,担心一旦饶恕就意味着伤害不重要、必须重新信任。,西3：12-13,弗4：31-32,路17：3-4,约一1：5-9,理解→分辨→释放,饶恕不是否认伤害，而是不再让伤害支配你的回应。,回顾,回顾这一周：我有没有从这个生命问题走出一点新的方向？下一步只保留一个继续操练的重点。,这周什么真的改变了一点？什么仍需要继续？,这一周我更像：①没有变化 ②有一个小变化 ③准备继续,写下“一个改变、一个未完成、一个下一步”。,伙伴只听，不替当事人决定是否恢复关系。,把这一周的学习带进下一周，而不是停在课程结束。,从持续内耗转向饶恕中的自由,A,待编写
W20D01,1,20,II 重新连接,LQ06,LQ05,家庭中的舍己,家庭到底意味着什么？,责任、角色、期待和控制常混杂在一起。,弗5：21,腓2：3-4,路14：25-27,约13：1-17,看见→舍己→承担,家庭不是互相控制，而是学习彼此舍己、彼此承担。,看见,先看见自己正在经历的“家庭到底意味着什么？”，不用急着改变，先辨认它在生活中什么时候出现。,今天什么时候最容易出现这个问题：“家庭到底意味着什么？”？,我今天更像：①没有留意 ②已经看见 ③正在面对,记录一次真实场景，只写“发生了什么”，不急着评价自己。,可以只分享一个真实场景，不解释、不辩护。,先让福音进入自己的真实生活。,从角色冲突转向彼此建造,A,待编写
W20D02,2,20,II 重新连接,LQ06,LQ05,家庭中的舍己,家庭到底意味着什么？,责任、角色、期待和控制常混杂在一起。,腓2：3-4,腓2：3-4,路14：25-27,约13：1-17,看见→舍己→承担,家庭不是互相控制，而是学习彼此舍己、彼此承担。,挖根,今天往里走一步：当“家庭到底意味着什么？”出现时，我最怕失去、最想抓住或最想证明的是什么？,如果暂时不急着解决，我真正担心的是什么？,我目前更像：①被反应推着走 ②开始辨认根源 ③愿意停下来,为今天发现的根源写下一句话：我真正害怕/抓住/证明的是______。,伙伴只问“你发现了什么？”，不急着给答案。,把自己的发现带进一个具体关系。,从角色冲突转向彼此建造,A,待编写
W20D03,3,20,II 重新连接,LQ06,LQ05,家庭中的舍己,家庭到底意味着什么？,责任、角色、期待和控制常混杂在一起。,弗5：21,腓2：3-4,路14：25-27,约13：1-17,看见→舍己→承担,家庭不是互相控制，而是学习彼此舍己、彼此承担。,回经文,回到弗5：21：不要只问“这段经文说了什么”，也问“它正在重新怎样解释我的生活？”,这段经文有没有一句话，正在挑战我对“家庭到底意味着什么？”的原有理解？,经文今天对我更像：①有距离 ②击中一点 ③需要回应,用弗5：21安静5分钟，记下一句最需要带进生活的话。,小组分享一句经文如何进入自己的生活。,让经文从理解变成生活选择。,从角色冲突转向彼此建造,A,待编写
W20D04,4,20,II 重新连接,LQ06,LQ05,家庭中的舍己,家庭到底意味着什么？,责任、角色、期待和控制常混杂在一起。,路14：25-27,腓2：3-4,路14：25-27,约13：1-17,看见→舍己→承担,家庭不是互相控制，而是学习彼此舍己、彼此承担。,对照,把自己的旧习惯与新约的方向放在一起看：基督里的家庭不是彼此控制，而是彼此舍己、彼此承担与彼此建造。,我现在的做法，与今天看见的福音方向差在哪里？,我目前更像：①仍按旧标准生活 ②开始调整 ③已经在实践,做一个小调整，方向是：家庭不是互相控制，而是学习彼此舍己、彼此承担。,伙伴帮助辨认差距，不评判属灵程度。,让生命方向影响家庭、工作或群体。,从角色冲突转向彼此建造,A,待编写
W20D05,5,20,II 重新连接,LQ06,LQ05,家庭中的舍己,家庭到底意味着什么？,责任、角色、期待和控制常混杂在一起。,约13：1-17,腓2：3-4,路14：25-27,约13：1-17,看见→舍己→承担,家庭不是互相控制，而是学习彼此舍己、彼此承担。,行动,把今天的回应缩小成一个可执行动作：本周一次主动服务，不解释、不邀功。,今天我能做哪一个小而真实的改变？,今天的行动更像：①还没做 ②做了一点 ③认真完成了,今天完成一个“小步行动”：本周一次主动服务，不解释、不邀功。,伙伴只追踪一个具体行动有没有发生。,一个小行动，就是生命果子的起点。,从角色冲突转向彼此建造,A,待编写
W20D06,6,20,II 重新连接,LQ06,LQ05,家庭中的舍己,家庭到底意味着什么？,责任、角色、期待和控制常混杂在一起。,腓2：3-4,腓2：3-4,路14：25-27,约13：1-17,看见→舍己→承担,家庭不是互相控制，而是学习彼此舍己、彼此承担。,关系与传递,把生命放进关系里：今天谁会因为我的选择而受益、受伤或得到安慰？,我的选择会怎样影响身边一个具体的人？,在关系里我更像：①只顾自己 ②开始留意别人 ③主动做了一件事,把今天的行动带进一个真实关系；伙伴只问“你服事了谁？”,我承担责任时，是出于爱，还是为了控制结果？,让家庭成为门训场所,从角色冲突转向彼此建造,A,待编写
W20D07,7,20,II 重新连接,LQ06,LQ05,家庭中的舍己,家庭到底意味着什么？,责任、角色、期待和控制常混杂在一起。,弗5：21,腓2：3-4,路14：25-27,约13：1-17,看见→舍己→承担,家庭不是互相控制，而是学习彼此舍己、彼此承担。,回顾,回顾这一周：我有没有从这个生命问题走出一点新的方向？下一步只保留一个继续操练的重点。,这周什么真的改变了一点？什么仍需要继续？,这一周我更像：①没有变化 ②有一个小变化 ③准备继续,写下“一个改变、一个未完成、一个下一步”。,伙伴只问“你服事了谁？”,把这一周的学习带进下一周，而不是停在课程结束。,从角色冲突转向彼此建造,A,待编写
W21D01,1,21,II 重新连接,LQ06,LQ05,责任边界,在关系中，什么是我的责任？,容易把别人的选择、情绪和结果也背到自己身上。,加6：2-5,罗12：3,路10：38-42,约15：12-14,辨认→承担→放回,爱人不等于替别人活，承担自己的责任也允许别人承担他们的责任。,看见,先看见自己正在经历的“在关系中，什么是我的责任？”，不用急着改变，先辨认它在生活中什么时候出现。,今天什么时候最容易出现这个问题：“在关系中，什么是我的责任？”？,我今天更像：①没有留意 ②已经看见 ③正在面对,记录一次真实场景，只写“发生了什么”，不急着评价自己。,可以只分享一个真实场景，不解释、不辩护。,先让福音进入自己的真实生活。,从过度承担转向健康担当,A,待编写
W21D02,2,21,II 重新连接,LQ06,LQ05,责任边界,在关系中，什么是我的责任？,容易把别人的选择、情绪和结果也背到自己身上。,罗12：3,罗12：3,路10：38-42,约15：12-14,辨认→承担→放回,爱人不等于替别人活，承担自己的责任也允许别人承担他们的责任。,挖根,今天往里走一步：当“在关系中，什么是我的责任？”出现时，我最怕失去、最想抓住或最想证明的是什么？,如果暂时不急着解决，我真正担心的是什么？,我目前更像：①被反应推着走 ②开始辨认根源 ③愿意停下来,为今天发现的根源写下一句话：我真正害怕/抓住/证明的是______。,伙伴只问“你发现了什么？”，不急着给答案。,把自己的发现带进一个具体关系。,从过度承担转向健康担当,A,待编写
W21D03,3,21,II 重新连接,LQ06,LQ05,责任边界,在关系中，什么是我的责任？,容易把别人的选择、情绪和结果也背到自己身上。,加6：2-5,罗12：3,路10：38-42,约15：12-14,辨认→承担→放回,爱人不等于替别人活，承担自己的责任也允许别人承担他们的责任。,回经文,回到加6：2-5：不要只问“这段经文说了什么”，也问“它正在重新怎样解释我的生活？”,这段经文有没有一句话，正在挑战我对“在关系中，什么是我的责任？”的原有理解？,经文今天对我更像：①有距离 ②击中一点 ③需要回应,用加6：2-5安静5分钟，记下一句最需要带进生活的话。,小组分享一句经文如何进入自己的生活。,让经文从理解变成生活选择。,从过度承担转向健康担当,A,待编写
W21D04,4,21,II 重新连接,LQ06,LQ05,责任边界,在关系中，什么是我的责任？,容易把别人的选择、情绪和结果也背到自己身上。,路10：38-42,罗12：3,路10：38-42,约15：12-14,辨认→承担→放回,爱人不等于替别人活，承担自己的责任也允许别人承担他们的责任。,对照,把自己的旧习惯与新约的方向放在一起看：彼此担当不是替别人活；成熟包含承担自己的责任，也尊重别人的责任。,我现在的做法，与今天看见的福音方向差在哪里？,我目前更像：①仍按旧标准生活 ②开始调整 ③已经在实践,做一个小调整，方向是：爱人不等于替别人活，承担自己的责任也允许别人承担他们的责任。,伙伴帮助辨认差距，不评判属灵程度。,让生命方向影响家庭、工作或群体。,从过度承担转向健康担当,A,待编写
W21D05,5,21,II 重新连接,LQ06,LQ05,责任边界,在关系中，什么是我的责任？,容易把别人的选择、情绪和结果也背到自己身上。,约15：12-14,罗12：3,路10：38-42,约15：12-14,辨认→承担→放回,爱人不等于替别人活，承担自己的责任也允许别人承担他们的责任。,行动,把今天的回应缩小成一个可执行动作：只完成自己的责任，不替别人做一个他应承担的决定。,今天我能做哪一个小而真实的改变？,今天的行动更像：①还没做 ②做了一点 ③认真完成了,今天完成一个“小步行动”：只完成自己的责任，不替别人做一个他应承担的决定。,伙伴只追踪一个具体行动有没有发生。,一个小行动，就是生命果子的起点。,从过度承担转向健康担当,A,待编写
W21D06,6,21,II 重新连接,LQ06,LQ05,责任边界,在关系中，什么是我的责任？,容易把别人的选择、情绪和结果也背到自己身上。,罗12：3,罗12：3,路10：38-42,约15：12-14,辨认→承担→放回,爱人不等于替别人活，承担自己的责任也允许别人承担他们的责任。,关系与传递,把生命放进关系里：今天谁会因为我的选择而受益、受伤或得到安慰？,我的选择会怎样影响身边一个具体的人？,在关系里我更像：①只顾自己 ②开始留意别人 ③主动做了一件事,把今天的行动带进一个真实关系；伙伴问“这是谁的责任？”,我正在承担，还是正在控制？,在群体中建立不控制的互助,从过度承担转向健康担当,A,待编写
W21D07,7,21,II 重新连接,LQ06,LQ05,责任边界,在关系中，什么是我的责任？,容易把别人的选择、情绪和结果也背到自己身上。,加6：2-5,罗12：3,路10：38-42,约15：12-14,辨认→承担→放回,爱人不等于替别人活，承担自己的责任也允许别人承担他们的责任。,回顾,回顾这一周：我有没有从这个生命问题走出一点新的方向？下一步只保留一个继续操练的重点。,这周什么真的改变了一点？什么仍需要继续？,这一周我更像：①没有变化 ②有一个小变化 ③准备继续,写下“一个改变、一个未完成、一个下一步”。,伙伴问“这是谁的责任？”,把这一周的学习带进下一周，而不是停在课程结束。,从过度承担转向健康担当,A,待编写
W22D01,1,22,II 重新连接,LQ05,—,真理与爱,怎样说真实的话？,要么怕冲突沉默，要么用“坦率”伤害人。,弗4：15,西4：6,路11：37-44,约1：14,辨认→表达→建造,真实的话不要成为伤人的武器，要在爱中说出来。,看见,先看见自己正在经历的“怎样说真实的话？”，不用急着改变，先辨认它在生活中什么时候出现。,今天什么时候最容易出现这个问题：“怎样说真实的话？”？,我今天更像：①没有留意 ②已经看见 ③正在面对,记录一次真实场景，只写“发生了什么”，不急着评价自己。,可以只分享一个真实场景，不解释、不辩护。,先让福音进入自己的真实生活。,从攻击性诚实转向爱的真理,A,待编写
W22D02,2,22,II 重新连接,LQ05,—,真理与爱,怎样说真实的话？,要么怕冲突沉默，要么用“坦率”伤害人。,西4：6,西4：6,路11：37-44,约1：14,辨认→表达→建造,真实的话不要成为伤人的武器，要在爱中说出来。,挖根,今天往里走一步：当“怎样说真实的话？”出现时，我最怕失去、最想抓住或最想证明的是什么？,如果暂时不急着解决，我真正担心的是什么？,我目前更像：①被反应推着走 ②开始辨认根源 ③愿意停下来,为今天发现的根源写下一句话：我真正害怕/抓住/证明的是______。,伙伴只问“你发现了什么？”，不急着给答案。,把自己的发现带进一个具体关系。,从攻击性诚实转向爱的真理,A,待编写
W22D03,3,22,II 重新连接,LQ05,—,真理与爱,怎样说真实的话？,要么怕冲突沉默，要么用“坦率”伤害人。,弗4：15,西4：6,路11：37-44,约1：14,辨认→表达→建造,真实的话不要成为伤人的武器，要在爱中说出来。,回经文,回到弗4：15：不要只问“这段经文说了什么”，也问“它正在重新怎样解释我的生活？”,这段经文有没有一句话，正在挑战我对“怎样说真实的话？”的原有理解？,经文今天对我更像：①有距离 ②击中一点 ③需要回应,用弗4：15安静5分钟，记下一句最需要带进生活的话。,小组分享一句经文如何进入自己的生活。,让经文从理解变成生活选择。,从攻击性诚实转向爱的真理,A,待编写
W22D04,4,22,II 重新连接,LQ05,—,真理与爱,怎样说真实的话？,要么怕冲突沉默，要么用“坦率”伤害人。,路11：37-44,西4：6,路11：37-44,约1：14,辨认→表达→建造,真实的话不要成为伤人的武器，要在爱中说出来。,对照,把自己的旧习惯与新约的方向放在一起看：真实的话不是发泄工具，而是在爱中让关系更真实、更能被建造。,我现在的做法，与今天看见的福音方向差在哪里？,我目前更像：①仍按旧标准生活 ②开始调整 ③已经在实践,做一个小调整，方向是：真实的话不要成为伤人的武器，要在爱中说出来。,伙伴帮助辨认差距，不评判属灵程度。,让生命方向影响家庭、工作或群体。,从攻击性诚实转向爱的真理,A,待编写
W22D05,5,22,II 重新连接,LQ05,—,真理与爱,怎样说真实的话？,要么怕冲突沉默，要么用“坦率”伤害人。,约1：14,西4：6,路11：37-44,约1：14,辨认→表达→建造,真实的话不要成为伤人的武器，要在爱中说出来。,行动,把今天的回应缩小成一个可执行动作：少说一句评价，多说一句真实而具体的话。,今天我能做哪一个小而真实的改变？,今天的行动更像：①还没做 ②做了一点 ③认真完成了,今天完成一个“小步行动”：少说一句评价，多说一句真实而具体的话。,伙伴只追踪一个具体行动有没有发生。,一个小行动，就是生命果子的起点。,从攻击性诚实转向爱的真理,A,待编写
W22D06,6,22,II 重新连接,LQ05,—,真理与爱,怎样说真实的话？,要么怕冲突沉默，要么用“坦率”伤害人。,西4：6,西4：6,路11：37-44,约1：14,辨认→表达→建造,真实的话不要成为伤人的武器，要在爱中说出来。,关系与传递,把生命放进关系里：今天谁会因为我的选择而受益、受伤或得到安慰？,我的选择会怎样影响身边一个具体的人？,在关系里我更像：①只顾自己 ②开始留意别人 ③主动做了一件事,把今天的行动带进一个真实关系；伙伴练习复述，不急着反驳。,我说真话是为了建造，还是为了让自己赢？,建立可说真话的关系文化,从攻击性诚实转向爱的真理,A,待编写
W22D07,7,22,II 重新连接,LQ05,—,真理与爱,怎样说真实的话？,要么怕冲突沉默，要么用“坦率”伤害人。,弗4：15,西4：6,路11：37-44,约1：14,辨认→表达→建造,真实的话不要成为伤人的武器，要在爱中说出来。,回顾,回顾这一周：我有没有从这个生命问题走出一点新的方向？下一步只保留一个继续操练的重点。,这周什么真的改变了一点？什么仍需要继续？,这一周我更像：①没有变化 ②有一个小变化 ③准备继续,写下“一个改变、一个未完成、一个下一步”。,伙伴练习复述，不急着反驳。,把这一周的学习带进下一周，而不是停在课程结束。,从攻击性诚实转向爱的真理,A,待编写
W23D01,1,23,II 重新连接,LQ04,LQ07,接受神的时间,神没有按照我的期待做怎么办？,最难受的不是没有答案，而是“为什么祂没有照我的时间表”。,约11：1-44,罗8：28,约11：1-44,约11,失望→哀哭→信靠→继续,神没有照你的时间表行动，不等于祂没有工作。,看见,先看见自己正在经历的“神没有按照我的期待做怎么办？”，不用急着改变，先辨认它在生活中什么时候出现。,今天什么时候最容易出现这个问题：“神没有按照我的期待做怎么办？”？,我今天更像：①没有留意 ②已经看见 ③正在面对,记录一次真实场景，只写“发生了什么”，不急着评价自己。,可以只分享一个真实场景，不解释、不辩护。,先让福音进入自己的真实生活。,从失望控制转向信靠与忍耐,A,待编写
W23D02,2,23,II 重新连接,LQ04,LQ07,接受神的时间,神没有按照我的期待做怎么办？,最难受的不是没有答案，而是“为什么祂没有照我的时间表”。,罗8：28,罗8：28,约11：1-44,约11,失望→哀哭→信靠→继续,神没有照你的时间表行动，不等于祂没有工作。,挖根,今天往里走一步：当“神没有按照我的期待做怎么办？”出现时，我最怕失去、最想抓住或最想证明的是什么？,如果暂时不急着解决，我真正担心的是什么？,我目前更像：①被反应推着走 ②开始辨认根源 ③愿意停下来,为今天发现的根源写下一句话：我真正害怕/抓住/证明的是______。,伙伴只问“你发现了什么？”，不急着给答案。,把自己的发现带进一个具体关系。,从失望控制转向信靠与忍耐,A,待编写
W23D03,3,23,II 重新连接,LQ04,LQ07,接受神的时间,神没有按照我的期待做怎么办？,最难受的不是没有答案，而是“为什么祂没有照我的时间表”。,约11：1-44,罗8：28,约11：1-44,约11,失望→哀哭→信靠→继续,神没有照你的时间表行动，不等于祂没有工作。,回经文,回到约11：1-44：不要只问“这段经文说了什么”，也问“它正在重新怎样解释我的生活？”,这段经文有没有一句话，正在挑战我对“神没有按照我的期待做怎么办？”的原有理解？,经文今天对我更像：①有距离 ②击中一点 ③需要回应,用约11：1-44安静5分钟，记下一句最需要带进生活的话。,小组分享一句经文如何进入自己的生活。,让经文从理解变成生活选择。,从失望控制转向信靠与忍耐,A,待编写
W23D04,4,23,II 重新连接,LQ04,LQ07,接受神的时间,神没有按照我的期待做怎么办？,最难受的不是没有答案，而是“为什么祂没有照我的时间表”。,约11：1-44,罗8：28,约11：1-44,约11,失望→哀哭→信靠→继续,神没有照你的时间表行动，不等于祂没有工作。,对照,把自己的旧习惯与新约的方向放在一起看：神没有照我的时间表行动，不等于祂没有工作；信靠可以和哀哭同时存在。,我现在的做法，与今天看见的福音方向差在哪里？,我目前更像：①仍按旧标准生活 ②开始调整 ③已经在实践,做一个小调整，方向是：神没有照你的时间表行动，不等于祂没有工作。,伙伴帮助辨认差距，不评判属灵程度。,让生命方向影响家庭、工作或群体。,从失望控制转向信靠与忍耐,A,待编写
W23D05,5,23,II 重新连接,LQ04,LQ07,接受神的时间,神没有按照我的期待做怎么办？,最难受的不是没有答案，而是“为什么祂没有照我的时间表”。,约11,罗8：28,约11：1-44,约11,失望→哀哭→信靠→继续,神没有照你的时间表行动，不等于祂没有工作。,行动,把今天的回应缩小成一个可执行动作：面对一个延迟，今天仍完成自己能忠心完成的一步。,今天我能做哪一个小而真实的改变？,今天的行动更像：①还没做 ②做了一点 ③认真完成了,今天完成一个“小步行动”：面对一个延迟，今天仍完成自己能忠心完成的一步。,伙伴只追踪一个具体行动有没有发生。,一个小行动，就是生命果子的起点。,从失望控制转向信靠与忍耐,A,待编写
W23D06,6,23,II 重新连接,LQ04,LQ07,接受神的时间,神没有按照我的期待做怎么办？,最难受的不是没有答案，而是“为什么祂没有照我的时间表”。,罗8：28,罗8：28,约11：1-44,约11,失望→哀哭→信靠→继续,神没有照你的时间表行动，不等于祂没有工作。,关系与传递,把生命放进关系里：今天谁会因为我的选择而受益、受伤或得到安慰？,我的选择会怎样影响身边一个具体的人？,在关系里我更像：①只顾自己 ②开始留意别人 ③主动做了一件事,把今天的行动带进一个真实关系；伙伴陪伴而不急于解释神。,我真正失去的是结果，还是对神的预设？,陪伴正在等候的人,从失望控制转向信靠与忍耐,A,待编写
W23D07,7,23,II 重新连接,LQ04,LQ07,接受神的时间,神没有按照我的期待做怎么办？,最难受的不是没有答案，而是“为什么祂没有照我的时间表”。,约11：1-44,罗8：28,约11：1-44,约11,失望→哀哭→信靠→继续,神没有照你的时间表行动，不等于祂没有工作。,回顾,回顾这一周：我有没有从这个生命问题走出一点新的方向？下一步只保留一个继续操练的重点。,这周什么真的改变了一点？什么仍需要继续？,这一周我更像：①没有变化 ②有一个小变化 ③准备继续,写下“一个改变、一个未完成、一个下一步”。,伙伴陪伴而不急于解释神。,把这一周的学习带进下一周，而不是停在课程结束。,从失望控制转向信靠与忍耐,A,待编写
W24D01,1,24,II 重新连接,LQ05,—,参与身体,我怎样成为群体中的人？,习惯旁观、接受服务，却很少贡献时间、恩赐和责任。,林前12：12-27,罗12：4-8,路9：1-6,约17：20-23,看见位置→参与→服事,你不是旁观者，而是基督身体的一部分。,看见,先看见自己正在经历的“我怎样成为群体中的人？”，不用急着改变，先辨认它在生活中什么时候出现。,今天什么时候最容易出现这个问题：“我怎样成为群体中的人？”？,我今天更像：①没有留意 ②已经看见 ③正在面对,记录一次真实场景，只写“发生了什么”，不急着评价自己。,可以只分享一个真实场景，不解释、不辩护。,先让福音进入自己的真实生活。,从消费者转向肢体成员,A,待编写
W24D02,2,24,II 重新连接,LQ05,—,参与身体,我怎样成为群体中的人？,习惯旁观、接受服务，却很少贡献时间、恩赐和责任。,罗12：4-8,罗12：4-8,路9：1-6,约17：20-23,看见位置→参与→服事,你不是旁观者，而是基督身体的一部分。,挖根,今天往里走一步：当“我怎样成为群体中的人？”出现时，我最怕失去、最想抓住或最想证明的是什么？,如果暂时不急着解决，我真正担心的是什么？,我目前更像：①被反应推着走 ②开始辨认根源 ③愿意停下来,为今天发现的根源写下一句话：我真正害怕/抓住/证明的是______。,伙伴只问“你发现了什么？”，不急着给答案。,把自己的发现带进一个具体关系。,从消费者转向肢体成员,A,待编写
W24D03,3,24,II 重新连接,LQ05,—,参与身体,我怎样成为群体中的人？,习惯旁观、接受服务，却很少贡献时间、恩赐和责任。,林前12：12-27,罗12：4-8,路9：1-6,约17：20-23,看见位置→参与→服事,你不是旁观者，而是基督身体的一部分。,回经文,回到林前12：12-27：不要只问“这段经文说了什么”，也问“它正在重新怎样解释我的生活？”,这段经文有没有一句话，正在挑战我对“我怎样成为群体中的人？”的原有理解？,经文今天对我更像：①有距离 ②击中一点 ③需要回应,用林前12：12-27安静5分钟，记下一句最需要带进生活的话。,小组分享一句经文如何进入自己的生活。,让经文从理解变成生活选择。,从消费者转向肢体成员,A,待编写
W24D04,4,24,II 重新连接,LQ05,—,参与身体,我怎样成为群体中的人？,习惯旁观、接受服务，却很少贡献时间、恩赐和责任。,路9：1-6,罗12：4-8,路9：1-6,约17：20-23,看见位置→参与→服事,你不是旁观者，而是基督身体的一部分。,对照,把自己的旧习惯与新约的方向放在一起看：你不是教会里的旁观者，而是基督身体的一部分。,我现在的做法，与今天看见的福音方向差在哪里？,我目前更像：①仍按旧标准生活 ②开始调整 ③已经在实践,做一个小调整，方向是：你不是旁观者，而是基督身体的一部分。,伙伴帮助辨认差距，不评判属灵程度。,让生命方向影响家庭、工作或群体。,从消费者转向肢体成员,A,待编写
W24D05,5,24,II 重新连接,LQ05,—,参与身体,我怎样成为群体中的人？,习惯旁观、接受服务，却很少贡献时间、恩赐和责任。,约17：20-23,罗12：4-8,路9：1-6,约17：20-23,看见位置→参与→服事,你不是旁观者，而是基督身体的一部分。,行动,把今天的回应缩小成一个可执行动作：本周把一项能力用于共同益处，而非个人成果。,今天我能做哪一个小而真实的改变？,今天的行动更像：①还没做 ②做了一点 ③认真完成了,今天完成一个“小步行动”：本周把一项能力用于共同益处，而非个人成果。,伙伴只追踪一个具体行动有没有发生。,一个小行动，就是生命果子的起点。,从消费者转向肢体成员,A,待编写
W24D06,6,24,II 重新连接,LQ05,—,参与身体,我怎样成为群体中的人？,习惯旁观、接受服务，却很少贡献时间、恩赐和责任。,罗12：4-8,罗12：4-8,路9：1-6,约17：20-23,看见位置→参与→服事,你不是旁观者，而是基督身体的一部分。,关系与传递,把生命放进关系里：今天谁会因为我的选择而受益、受伤或得到安慰？,我的选择会怎样影响身边一个具体的人？,在关系里我更像：①只顾自己 ②开始留意别人 ③主动做了一件事,把今天的行动带进一个真实关系；伙伴记录一次主动承担。,如果没人邀请我，我有没有主动参与？,贡献自己的时间、能力与关怀,从消费者转向肢体成员,A,待编写
W24D07,7,24,II 重新连接,LQ05,—,参与身体,我怎样成为群体中的人？,习惯旁观、接受服务，却很少贡献时间、恩赐和责任。,林前12：12-27,罗12：4-8,路9：1-6,约17：20-23,看见位置→参与→服事,你不是旁观者，而是基督身体的一部分。,回顾,回顾这一周：我有没有从这个生命问题走出一点新的方向？下一步只保留一个继续操练的重点。,这周什么真的改变了一点？什么仍需要继续？,这一周我更像：①没有变化 ②有一个小变化 ③准备继续,写下“一个改变、一个未完成、一个下一步”。,伙伴记录一次主动承担。,把这一周的学习带进下一周，而不是停在课程结束。,从消费者转向肢体成员,A,待编写
W25D01,1,25,II 重新连接,LQ05,LQ06,把爱做出来,爱一个人到底意味着什么？,心里关心很多，但真正付出的时间与行动很少。,约13：1-17,罗12：10,约13：1-17,约一3：16-18,感受→具体行动→坚持,爱不是只在心里关心，而是愿意做具体的事。,看见,先看见自己正在经历的“爱一个人到底意味着什么？”，不用急着改变，先辨认它在生活中什么时候出现。,今天什么时候最容易出现这个问题：“爱一个人到底意味着什么？”？,我今天更像：①没有留意 ②已经看见 ③正在面对,记录一次真实场景，只写“发生了什么”，不急着评价自己。,可以只分享一个真实场景，不解释、不辩护。,先让福音进入自己的真实生活。,从感觉中的爱进入可见的爱,A,待编写
W25D02,2,25,II 重新连接,LQ05,LQ06,把爱做出来,爱一个人到底意味着什么？,心里关心很多，但真正付出的时间与行动很少。,罗12：10,罗12：10,约13：1-17,约一3：16-18,感受→具体行动→坚持,爱不是只在心里关心，而是愿意做具体的事。,挖根,今天往里走一步：当“爱一个人到底意味着什么？”出现时，我最怕失去、最想抓住或最想证明的是什么？,如果暂时不急着解决，我真正担心的是什么？,我目前更像：①被反应推着走 ②开始辨认根源 ③愿意停下来,为今天发现的根源写下一句话：我真正害怕/抓住/证明的是______。,伙伴只问“你发现了什么？”，不急着给答案。,把自己的发现带进一个具体关系。,从感觉中的爱进入可见的爱,A,待编写
W25D03,3,25,II 重新连接,LQ05,LQ06,把爱做出来,爱一个人到底意味着什么？,心里关心很多，但真正付出的时间与行动很少。,约13：1-17,罗12：10,约13：1-17,约一3：16-18,感受→具体行动→坚持,爱不是只在心里关心，而是愿意做具体的事。,回经文,回到约13：1-17：不要只问“这段经文说了什么”，也问“它正在重新怎样解释我的生活？”,这段经文有没有一句话，正在挑战我对“爱一个人到底意味着什么？”的原有理解？,经文今天对我更像：①有距离 ②击中一点 ③需要回应,用约13：1-17安静5分钟，记下一句最需要带进生活的话。,小组分享一句经文如何进入自己的生活。,让经文从理解变成生活选择。,从感觉中的爱进入可见的爱,A,待编写
W25D04,4,25,II 重新连接,LQ05,LQ06,把爱做出来,爱一个人到底意味着什么？,心里关心很多，但真正付出的时间与行动很少。,约13：1-17,罗12：10,约13：1-17,约一3：16-18,感受→具体行动→坚持,爱不是只在心里关心，而是愿意做具体的事。,对照,把自己的旧习惯与新约的方向放在一起看：爱不是只在心里关心，而是愿意为别人做具体的事。,我现在的做法，与今天看见的福音方向差在哪里？,我目前更像：①仍按旧标准生活 ②开始调整 ③已经在实践,做一个小调整，方向是：爱不是只在心里关心，而是愿意做具体的事。,伙伴帮助辨认差距，不评判属灵程度。,让生命方向影响家庭、工作或群体。,从感觉中的爱进入可见的爱,A,待编写
W25D05,5,25,II 重新连接,LQ05,LQ06,把爱做出来,爱一个人到底意味着什么？,心里关心很多，但真正付出的时间与行动很少。,约一3：16-18,罗12：10,约13：1-17,约一3：16-18,感受→具体行动→坚持,爱不是只在心里关心，而是愿意做具体的事。,行动,把今天的回应缩小成一个可执行动作：一周内主动完成一次隐藏式服事。,今天我能做哪一个小而真实的改变？,今天的行动更像：①还没做 ②做了一点 ③认真完成了,今天完成一个“小步行动”：一周内主动完成一次隐藏式服事。,伙伴只追踪一个具体行动有没有发生。,一个小行动，就是生命果子的起点。,从感觉中的爱进入可见的爱,A,待编写
W25D06,6,25,II 重新连接,LQ05,LQ06,把爱做出来,爱一个人到底意味着什么？,心里关心很多，但真正付出的时间与行动很少。,罗12：10,罗12：10,约13：1-17,约一3：16-18,感受→具体行动→坚持,爱不是只在心里关心，而是愿意做具体的事。,关系与传递,把生命放进关系里：今天谁会因为我的选择而受益、受伤或得到安慰？,我的选择会怎样影响身边一个具体的人？,在关系里我更像：①只顾自己 ②开始留意别人 ③主动做了一件事,把今天的行动带进一个真实关系；伙伴不追问功劳，只问是否做了。,对方真正需要的是我说什么，还是我做什么？,让服事成为关系语言,从感觉中的爱进入可见的爱,A,待编写
W25D07,7,25,II 重新连接,LQ05,LQ06,把爱做出来,爱一个人到底意味着什么？,心里关心很多，但真正付出的时间与行动很少。,约13：1-17,罗12：10,约13：1-17,约一3：16-18,感受→具体行动→坚持,爱不是只在心里关心，而是愿意做具体的事。,回顾,回顾这一周：我有没有从这个生命问题走出一点新的方向？下一步只保留一个继续操练的重点。,这周什么真的改变了一点？什么仍需要继续？,这一周我更像：①没有变化 ②有一个小变化 ③准备继续,写下“一个改变、一个未完成、一个下一步”。,伙伴不追问功劳，只问是否做了。,把这一周的学习带进下一周，而不是停在课程结束。,从感觉中的爱进入可见的爱,A,待编写
W26D01,1,26,II 重新连接,LQ05,LQ04,住在基督里,归属不是参加，而是住在基督里,即使参加群体，也可能把信仰当成活动而非生命关系。,约15：1-5,罗12：4-5,路10：38-42,约15：1-8,归属→住在→结果,归属不只是参加，而是住在基督里。,看见,先看见自己正在经历的“归属不是参加，而是住在基督里”，不用急着改变，先辨认它在生活中什么时候出现。,今天什么时候最容易出现这个问题：“归属不是参加，而是住在基督里”？,我今天更像：①没有留意 ②已经看见 ③正在面对,记录一次真实场景，只写“发生了什么”，不急着评价自己。,可以只分享一个真实场景，不解释、不辩护。,先让福音进入自己的真实生活。,从群体出席转向与基督联合,A,待编写
W26D02,2,26,II 重新连接,LQ05,LQ04,住在基督里,归属不是参加，而是住在基督里,即使参加群体，也可能把信仰当成活动而非生命关系。,罗12：4-5,罗12：4-5,路10：38-42,约15：1-8,归属→住在→结果,归属不只是参加，而是住在基督里。,挖根,今天往里走一步：当“归属不是参加，而是住在基督里”出现时，我最怕失去、最想抓住或最想证明的是什么？,如果暂时不急着解决，我真正担心的是什么？,我目前更像：①被反应推着走 ②开始辨认根源 ③愿意停下来,为今天发现的根源写下一句话：我真正害怕/抓住/证明的是______。,伙伴只问“你发现了什么？”，不急着给答案。,把自己的发现带进一个具体关系。,从群体出席转向与基督联合,A,待编写
W26D03,3,26,II 重新连接,LQ05,LQ04,住在基督里,归属不是参加，而是住在基督里,即使参加群体，也可能把信仰当成活动而非生命关系。,约15：1-5,罗12：4-5,路10：38-42,约15：1-8,归属→住在→结果,归属不只是参加，而是住在基督里。,回经文,回到约15：1-5：不要只问“这段经文说了什么”，也问“它正在重新怎样解释我的生活？”,这段经文有没有一句话，正在挑战我对“归属不是参加，而是住在基督里”的原有理解？,经文今天对我更像：①有距离 ②击中一点 ③需要回应,用约15：1-5安静5分钟，记下一句最需要带进生活的话。,小组分享一句经文如何进入自己的生活。,让经文从理解变成生活选择。,从群体出席转向与基督联合,A,待编写
W26D04,4,26,II 重新连接,LQ05,LQ04,住在基督里,归属不是参加，而是住在基督里,即使参加群体，也可能把信仰当成活动而非生命关系。,路10：38-42,罗12：4-5,路10：38-42,约15：1-8,归属→住在→结果,归属不只是参加，而是住在基督里。,对照,把自己的旧习惯与新约的方向放在一起看：真正的归属不仅是参加一个群体，更是持续住在基督里，并在群体中结果子。,我现在的做法，与今天看见的福音方向差在哪里？,我目前更像：①仍按旧标准生活 ②开始调整 ③已经在实践,做一个小调整，方向是：归属不只是参加，而是住在基督里。,伙伴帮助辨认差距，不评判属灵程度。,让生命方向影响家庭、工作或群体。,从群体出席转向与基督联合,A,待编写
W26D05,5,26,II 重新连接,LQ05,LQ04,住在基督里,归属不是参加，而是住在基督里,即使参加群体，也可能把信仰当成活动而非生命关系。,约15：1-8,罗12：4-5,路10：38-42,约15：1-8,归属→住在→结果,归属不只是参加，而是住在基督里。,行动,把今天的回应缩小成一个可执行动作：本周固定同一时间用一段经文安静、祷告、回应。,今天我能做哪一个小而真实的改变？,今天的行动更像：①还没做 ②做了一点 ③认真完成了,今天完成一个“小步行动”：本周固定同一时间用一段经文安静、祷告、回应。,伙伴只追踪一个具体行动有没有发生。,一个小行动，就是生命果子的起点。,从群体出席转向与基督联合,A,待编写
W26D06,6,26,II 重新连接,LQ05,LQ04,住在基督里,归属不是参加，而是住在基督里,即使参加群体，也可能把信仰当成活动而非生命关系。,罗12：4-5,罗12：4-5,路10：38-42,约15：1-8,归属→住在→结果,归属不只是参加，而是住在基督里。,关系与传递,把生命放进关系里：今天谁会因为我的选择而受益、受伤或得到安慰？,我的选择会怎样影响身边一个具体的人？,在关系里我更像：①只顾自己 ②开始留意别人 ③主动做了一件事,把今天的行动带进一个真实关系；伙伴只问“你如何回到基督？”,我什么时候最像“参加者”，什么时候最像“住在基督里的人”？,让联合基督带出群体生命,从群体出席转向与基督联合,A,待编写
W26D07,7,26,II 重新连接,LQ05,LQ04,住在基督里,归属不是参加，而是住在基督里,即使参加群体，也可能把信仰当成活动而非生命关系。,约15：1-5,罗12：4-5,路10：38-42,约15：1-8,归属→住在→结果,归属不只是参加，而是住在基督里。,回顾,回顾这一周：我有没有从这个生命问题走出一点新的方向？下一步只保留一个继续操练的重点。,这周什么真的改变了一点？什么仍需要继续？,这一周我更像：①没有变化 ②有一个小变化 ③准备继续,写下“一个改变、一个未完成、一个下一步”。,伙伴只问“你如何回到基督？”,把这一周的学习带进下一周，而不是停在课程结束。,从群体出席转向与基督联合,A,待编写
W27D01,1,27,III 进入生活,LQ08,LQ03,重新定位人生,我的生命为什么而活？,成年生活很容易只围绕收入、家庭稳定、个人成长和退休准备。,腓1：20-21,林后5：14-15,路9：23-25,约20：21,定位→献上→进入,不要只问我要得到什么，也问我的生命正在为谁而活。,看见,先看见自己正在经历的“我的生命为什么而活？”，不用急着改变，先辨认它在生活中什么时候出现。,今天什么时候最容易出现这个问题：“我的生命为什么而活？”？,我今天更像：①没有留意 ②已经看见 ③正在面对,记录一次真实场景，只写“发生了什么”，不急着评价自己。,可以只分享一个真实场景，不解释、不辩护。,先让福音进入自己的真实生活。,从我的人生转向神所托付的人生,A,待编写
W27D02,2,27,III 进入生活,LQ08,LQ03,重新定位人生,我的生命为什么而活？,成年生活很容易只围绕收入、家庭稳定、个人成长和退休准备。,林后5：14-15,林后5：14-15,路9：23-25,约20：21,定位→献上→进入,不要只问我要得到什么，也问我的生命正在为谁而活。,挖根,今天往里走一步：当“我的生命为什么而活？”出现时，我最怕失去、最想抓住或最想证明的是什么？,如果暂时不急着解决，我真正担心的是什么？,我目前更像：①被反应推着走 ②开始辨认根源 ③愿意停下来,为今天发现的根源写下一句话：我真正害怕/抓住/证明的是______。,伙伴只问“你发现了什么？”，不急着给答案。,把自己的发现带进一个具体关系。,从我的人生转向神所托付的人生,A,待编写
W27D03,3,27,III 进入生活,LQ08,LQ03,重新定位人生,我的生命为什么而活？,成年生活很容易只围绕收入、家庭稳定、个人成长和退休准备。,腓1：20-21,林后5：14-15,路9：23-25,约20：21,定位→献上→进入,不要只问我要得到什么，也问我的生命正在为谁而活。,回经文,回到腓1：20-21：不要只问“这段经文说了什么”，也问“它正在重新怎样解释我的生活？”,这段经文有没有一句话，正在挑战我对“我的生命为什么而活？”的原有理解？,经文今天对我更像：①有距离 ②击中一点 ③需要回应,用腓1：20-21安静5分钟，记下一句最需要带进生活的话。,小组分享一句经文如何进入自己的生活。,让经文从理解变成生活选择。,从我的人生转向神所托付的人生,A,待编写
W27D04,4,27,III 进入生活,LQ08,LQ03,重新定位人生,我的生命为什么而活？,成年生活很容易只围绕收入、家庭稳定、个人成长和退休准备。,路9：23-25,林后5：14-15,路9：23-25,约20：21,定位→献上→进入,不要只问我要得到什么，也问我的生命正在为谁而活。,对照,把自己的旧习惯与新约的方向放在一起看：生命意义不是由成就、快乐或拥有最终定义，而是从基督而来并向使命开放。,我现在的做法，与今天看见的福音方向差在哪里？,我目前更像：①仍按旧标准生活 ②开始调整 ③已经在实践,做一个小调整，方向是：不要只问我要得到什么，也问我的生命正在为谁而活。,伙伴帮助辨认差距，不评判属灵程度。,让生命方向影响家庭、工作或群体。,从我的人生转向神所托付的人生,A,待编写
W27D05,5,27,III 进入生活,LQ08,LQ03,重新定位人生,我的生命为什么而活？,成年生活很容易只围绕收入、家庭稳定、个人成长和退休准备。,约20：21,林后5：14-15,路9：23-25,约20：21,定位→献上→进入,不要只问我要得到什么，也问我的生命正在为谁而活。,行动,把今天的回应缩小成一个可执行动作：本周为一个超越自己需要的人安排实际时间。,今天我能做哪一个小而真实的改变？,今天的行动更像：①还没做 ②做了一点 ③认真完成了,今天完成一个“小步行动”：本周为一个超越自己需要的人安排实际时间。,伙伴只追踪一个具体行动有没有发生。,一个小行动，就是生命果子的起点。,从我的人生转向神所托付的人生,A,待编写
W27D06,6,27,III 进入生活,LQ08,LQ03,重新定位人生,我的生命为什么而活？,成年生活很容易只围绕收入、家庭稳定、个人成长和退休准备。,林后5：14-15,林后5：14-15,路9：23-25,约20：21,定位→献上→进入,不要只问我要得到什么，也问我的生命正在为谁而活。,关系与传递,把生命放进关系里：今天谁会因为我的选择而受益、受伤或得到安慰？,我的选择会怎样影响身边一个具体的人？,在关系里我更像：①只顾自己 ②开始留意别人 ③主动做了一件事,把今天的行动带进一个真实关系；伙伴问“这一周你为谁活了一点？”,如果把人生从“我要得到”改成“我要成为谁的祝福”，我的安排会怎样变？,把使命放进日常而非额外活动,从我的人生转向神所托付的人生,A,待编写
W27D07,7,27,III 进入生活,LQ08,LQ03,重新定位人生,我的生命为什么而活？,成年生活很容易只围绕收入、家庭稳定、个人成长和退休准备。,腓1：20-21,林后5：14-15,路9：23-25,约20：21,定位→献上→进入,不要只问我要得到什么，也问我的生命正在为谁而活。,回顾,回顾这一周：我有没有从这个生命问题走出一点新的方向？下一步只保留一个继续操练的重点。,这周什么真的改变了一点？什么仍需要继续？,这一周我更像：①没有变化 ②有一个小变化 ③准备继续,写下“一个改变、一个未完成、一个下一步”。,伙伴问“这一周你为谁活了一点？”,把这一周的学习带进下一周，而不是停在课程结束。,从我的人生转向神所托付的人生,A,待编写
W28D01,1,28,III 进入生活,LQ03,LQ06,重新理解工作,工作只是为了赚钱吗？,工作常被分成“挣钱”和“属灵服事”，彼此隔开。,西3：23-24,林前7：17,路16：1-13,约15：8,理解→重估→实践,工作不只是收入，也是忠心生活的一部分。,看见,先看见自己正在经历的“工作只是为了赚钱吗？”，不用急着改变，先辨认它在生活中什么时候出现。,今天什么时候最容易出现这个问题：“工作只是为了赚钱吗？”？,我今天更像：①没有留意 ②已经看见 ③正在面对,记录一次真实场景，只写“发生了什么”，不急着评价自己。,可以只分享一个真实场景，不解释、不辩护。,先让福音进入自己的真实生活。,从挣钱功能转向忠心服事,A,待编写
W28D02,2,28,III 进入生活,LQ03,LQ06,重新理解工作,工作只是为了赚钱吗？,工作常被分成“挣钱”和“属灵服事”，彼此隔开。,林前7：17,林前7：17,路16：1-13,约15：8,理解→重估→实践,工作不只是收入，也是忠心生活的一部分。,挖根,今天往里走一步：当“工作只是为了赚钱吗？”出现时，我最怕失去、最想抓住或最想证明的是什么？,如果暂时不急着解决，我真正担心的是什么？,我目前更像：①被反应推着走 ②开始辨认根源 ③愿意停下来,为今天发现的根源写下一句话：我真正害怕/抓住/证明的是______。,伙伴只问“你发现了什么？”，不急着给答案。,把自己的发现带进一个具体关系。,从挣钱功能转向忠心服事,A,待编写
W28D03,3,28,III 进入生活,LQ03,LQ06,重新理解工作,工作只是为了赚钱吗？,工作常被分成“挣钱”和“属灵服事”，彼此隔开。,西3：23-24,林前7：17,路16：1-13,约15：8,理解→重估→实践,工作不只是收入，也是忠心生活的一部分。,回经文,回到西3：23-24：不要只问“这段经文说了什么”，也问“它正在重新怎样解释我的生活？”,这段经文有没有一句话，正在挑战我对“工作只是为了赚钱吗？”的原有理解？,经文今天对我更像：①有距离 ②击中一点 ③需要回应,用西3：23-24安静5分钟，记下一句最需要带进生活的话。,小组分享一句经文如何进入自己的生活。,让经文从理解变成生活选择。,从挣钱功能转向忠心服事,A,待编写
W28D04,4,28,III 进入生活,LQ03,LQ06,重新理解工作,工作只是为了赚钱吗？,工作常被分成“挣钱”和“属灵服事”，彼此隔开。,路16：1-13,林前7：17,路16：1-13,约15：8,理解→重估→实践,工作不只是收入，也是忠心生活的一部分。,对照,把自己的旧习惯与新约的方向放在一起看：工作是神托付生活的一部分，不只是收入，也涉及忠心、品格与服事。,我现在的做法，与今天看见的福音方向差在哪里？,我目前更像：①仍按旧标准生活 ②开始调整 ③已经在实践,做一个小调整，方向是：工作不只是收入，也是忠心生活的一部分。,伙伴帮助辨认差距，不评判属灵程度。,让生命方向影响家庭、工作或群体。,从挣钱功能转向忠心服事,A,待编写
W28D05,5,28,III 进入生活,LQ03,LQ06,重新理解工作,工作只是为了赚钱吗？,工作常被分成“挣钱”和“属灵服事”，彼此隔开。,约15：8,林前7：17,路16：1-13,约15：8,理解→重估→实践,工作不只是收入，也是忠心生活的一部分。,行动,把今天的回应缩小成一个可执行动作：本周把一项容易敷衍的工作认真做好。,今天我能做哪一个小而真实的改变？,今天的行动更像：①还没做 ②做了一点 ③认真完成了,今天完成一个“小步行动”：本周把一项容易敷衍的工作认真做好。,伙伴只追踪一个具体行动有没有发生。,一个小行动，就是生命果子的起点。,从挣钱功能转向忠心服事,A,待编写
W28D06,6,28,III 进入生活,LQ03,LQ06,重新理解工作,工作只是为了赚钱吗？,工作常被分成“挣钱”和“属灵服事”，彼此隔开。,林前7：17,林前7：17,路16：1-13,约15：8,理解→重估→实践,工作不只是收入，也是忠心生活的一部分。,关系与传递,把生命放进关系里：今天谁会因为我的选择而受益、受伤或得到安慰？,我的选择会怎样影响身边一个具体的人？,在关系里我更像：①只顾自己 ②开始留意别人 ③主动做了一件事,把今天的行动带进一个真实关系；伙伴问“你的工作今天祝福了谁？”,我的工作价值只由薪资衡量吗？,让职业成为见证与邻舍祝福,从挣钱功能转向忠心服事,A,待编写
W28D07,7,28,III 进入生活,LQ03,LQ06,重新理解工作,工作只是为了赚钱吗？,工作常被分成“挣钱”和“属灵服事”，彼此隔开。,西3：23-24,林前7：17,路16：1-13,约15：8,理解→重估→实践,工作不只是收入，也是忠心生活的一部分。,回顾,回顾这一周：我有没有从这个生命问题走出一点新的方向？下一步只保留一个继续操练的重点。,这周什么真的改变了一点？什么仍需要继续？,这一周我更像：①没有变化 ②有一个小变化 ③准备继续,写下“一个改变、一个未完成、一个下一步”。,伙伴问“你的工作今天祝福了谁？”,把这一周的学习带进下一周，而不是停在课程结束。,从挣钱功能转向忠心服事,A,待编写
W29D01,1,29,III 进入生活,LQ03,LQ08,辨明旨意,我怎样辨明神的旨意？,面对选择，希望得到一个神秘、明确、立即的答案。,罗12：1-2,献上身体→心意更新→察验旨意,路12：22-34,约8：31-32,更新→分辨→选择,辨明神旨意，不只是找答案，而是让生命先被更新。,看见,先看见自己正在经历的“我怎样辨明神的旨意？”，不用急着改变，先辨认它在生活中什么时候出现。,今天什么时候最容易出现这个问题：“我怎样辨明神的旨意？”？,我今天更像：①没有留意 ②已经看见 ③正在面对,记录一次真实场景，只写“发生了什么”，不急着评价自己。,可以只分享一个真实场景，不解释、不辩护。,先让福音进入自己的真实生活。,从求确定转向成熟分辨,A,待编写
W29D02,2,29,III 进入生活,LQ03,LQ08,辨明旨意,我怎样辨明神的旨意？,面对选择，希望得到一个神秘、明确、立即的答案。,献上身体→心意更新→察验旨意,献上身体→心意更新→察验旨意,路12：22-34,约8：31-32,更新→分辨→选择,辨明神旨意，不只是找答案，而是让生命先被更新。,挖根,今天往里走一步：当“我怎样辨明神的旨意？”出现时，我最怕失去、最想抓住或最想证明的是什么？,如果暂时不急着解决，我真正担心的是什么？,我目前更像：①被反应推着走 ②开始辨认根源 ③愿意停下来,为今天发现的根源写下一句话：我真正害怕/抓住/证明的是______。,伙伴只问“你发现了什么？”，不急着给答案。,把自己的发现带进一个具体关系。,从求确定转向成熟分辨,A,待编写
W29D03,3,29,III 进入生活,LQ03,LQ08,辨明旨意,我怎样辨明神的旨意？,面对选择，希望得到一个神秘、明确、立即的答案。,罗12：1-2,献上身体→心意更新→察验旨意,路12：22-34,约8：31-32,更新→分辨→选择,辨明神旨意，不只是找答案，而是让生命先被更新。,回经文,回到罗12：1-2：不要只问“这段经文说了什么”，也问“它正在重新怎样解释我的生活？”,这段经文有没有一句话，正在挑战我对“我怎样辨明神的旨意？”的原有理解？,经文今天对我更像：①有距离 ②击中一点 ③需要回应,用罗12：1-2安静5分钟，记下一句最需要带进生活的话。,小组分享一句经文如何进入自己的生活。,让经文从理解变成生活选择。,从求确定转向成熟分辨,A,待编写
W29D04,4,29,III 进入生活,LQ03,LQ08,辨明旨意,我怎样辨明神的旨意？,面对选择，希望得到一个神秘、明确、立即的答案。,路12：22-34,献上身体→心意更新→察验旨意,路12：22-34,约8：31-32,更新→分辨→选择,辨明神旨意，不只是找答案，而是让生命先被更新。,对照,把自己的旧习惯与新约的方向放在一起看：辨明神旨意不只是寻找答案，而是让生命被福音更新后学习分辨何为善、可喜悦、纯全。,我现在的做法，与今天看见的福音方向差在哪里？,我目前更像：①仍按旧标准生活 ②开始调整 ③已经在实践,做一个小调整，方向是：辨明神旨意，不只是找答案，而是让生命先被更新。,伙伴帮助辨认差距，不评判属灵程度。,让生命方向影响家庭、工作或群体。,从求确定转向成熟分辨,A,待编写
W29D05,5,29,III 进入生活,LQ03,LQ08,辨明旨意,我怎样辨明神的旨意？,面对选择，希望得到一个神秘、明确、立即的答案。,约8：31-32,献上身体→心意更新→察验旨意,路12：22-34,约8：31-32,更新→分辨→选择,辨明神旨意，不只是找答案，而是让生命先被更新。,行动,把今天的回应缩小成一个可执行动作：不急着追求确定感，先做今天已经清楚的忠心选择。,今天我能做哪一个小而真实的改变？,今天的行动更像：①还没做 ②做了一点 ③认真完成了,今天完成一个“小步行动”：不急着追求确定感，先做今天已经清楚的忠心选择。,伙伴只追踪一个具体行动有没有发生。,一个小行动，就是生命果子的起点。,从求确定转向成熟分辨,A,待编写
W29D06,6,29,III 进入生活,LQ03,LQ08,辨明旨意,我怎样辨明神的旨意？,面对选择，希望得到一个神秘、明确、立即的答案。,献上身体→心意更新→察验旨意,献上身体→心意更新→察验旨意,路12：22-34,约8：31-32,更新→分辨→选择,辨明神旨意，不只是找答案，而是让生命先被更新。,关系与传递,把生命放进关系里：今天谁会因为我的选择而受益、受伤或得到安慰？,我的选择会怎样影响身边一个具体的人？,在关系里我更像：①只顾自己 ②开始留意别人 ③主动做了一件事,把今天的行动带进一个真实关系；伙伴只帮忙澄清，不替人做决定。,我是在寻求神，还是在寻求一个让我安心的答案？,帮助别人也学会自己分辨,从求确定转向成熟分辨,A,待编写
W29D07,7,29,III 进入生活,LQ03,LQ08,辨明旨意,我怎样辨明神的旨意？,面对选择，希望得到一个神秘、明确、立即的答案。,罗12：1-2,献上身体→心意更新→察验旨意,路12：22-34,约8：31-32,更新→分辨→选择,辨明神旨意，不只是找答案，而是让生命先被更新。,回顾,回顾这一周：我有没有从这个生命问题走出一点新的方向？下一步只保留一个继续操练的重点。,这周什么真的改变了一点？什么仍需要继续？,这一周我更像：①没有变化 ②有一个小变化 ③准备继续,写下“一个改变、一个未完成、一个下一步”。,伙伴只帮忙澄清，不替人做决定。,把这一周的学习带进下一周，而不是停在课程结束。,从求确定转向成熟分辨,A,待编写
W30D01,1,30,III 进入生活,LQ06,LQ05,家庭门训,家庭可以成为门训的地方吗？,信仰常被留在礼拜堂，家庭只处理成绩、钱、家务和冲突。,弗6：1-4,家庭中的养育与主的教训,路2：41-52,约15：9-17,连接→实践→陪伴,家庭关系本身，就是跟随基督的地方。,看见,先看见自己正在经历的“家庭可以成为门训的地方吗？”，不用急着改变，先辨认它在生活中什么时候出现。,今天什么时候最容易出现这个问题：“家庭可以成为门训的地方吗？”？,我今天更像：①没有留意 ②已经看见 ③正在面对,记录一次真实场景，只写“发生了什么”，不急着评价自己。,可以只分享一个真实场景，不解释、不辩护。,先让福音进入自己的真实生活。,从家庭功能转向家庭门训,A,待编写
W30D02,2,30,III 进入生活,LQ06,LQ05,家庭门训,家庭可以成为门训的地方吗？,信仰常被留在礼拜堂，家庭只处理成绩、钱、家务和冲突。,家庭中的养育与主的教训,家庭中的养育与主的教训,路2：41-52,约15：9-17,连接→实践→陪伴,家庭关系本身，就是跟随基督的地方。,挖根,今天往里走一步：当“家庭可以成为门训的地方吗？”出现时，我最怕失去、最想抓住或最想证明的是什么？,如果暂时不急着解决，我真正担心的是什么？,我目前更像：①被反应推着走 ②开始辨认根源 ③愿意停下来,为今天发现的根源写下一句话：我真正害怕/抓住/证明的是______。,伙伴只问“你发现了什么？”，不急着给答案。,把自己的发现带进一个具体关系。,从家庭功能转向家庭门训,A,待编写
W30D03,3,30,III 进入生活,LQ06,LQ05,家庭门训,家庭可以成为门训的地方吗？,信仰常被留在礼拜堂，家庭只处理成绩、钱、家务和冲突。,弗6：1-4,家庭中的养育与主的教训,路2：41-52,约15：9-17,连接→实践→陪伴,家庭关系本身，就是跟随基督的地方。,回经文,回到弗6：1-4：不要只问“这段经文说了什么”，也问“它正在重新怎样解释我的生活？”,这段经文有没有一句话，正在挑战我对“家庭可以成为门训的地方吗？”的原有理解？,经文今天对我更像：①有距离 ②击中一点 ③需要回应,用弗6：1-4安静5分钟，记下一句最需要带进生活的话。,小组分享一句经文如何进入自己的生活。,让经文从理解变成生活选择。,从家庭功能转向家庭门训,A,待编写
W30D04,4,30,III 进入生活,LQ06,LQ05,家庭门训,家庭可以成为门训的地方吗？,信仰常被留在礼拜堂，家庭只处理成绩、钱、家务和冲突。,路2：41-52,家庭中的养育与主的教训,路2：41-52,约15：9-17,连接→实践→陪伴,家庭关系本身，就是跟随基督的地方。,对照,把自己的旧习惯与新约的方向放在一起看：信仰不只发生在教会，家庭关系本身就是跟随基督、彼此建造的地方。,我现在的做法，与今天看见的福音方向差在哪里？,我目前更像：①仍按旧标准生活 ②开始调整 ③已经在实践,做一个小调整，方向是：家庭关系本身，就是跟随基督的地方。,伙伴帮助辨认差距，不评判属灵程度。,让生命方向影响家庭、工作或群体。,从家庭功能转向家庭门训,A,待编写
W30D05,5,30,III 进入生活,LQ06,LQ05,家庭门训,家庭可以成为门训的地方吗？,信仰常被留在礼拜堂，家庭只处理成绩、钱、家务和冲突。,约15：9-17,家庭中的养育与主的教训,路2：41-52,约15：9-17,连接→实践→陪伴,家庭关系本身，就是跟随基督的地方。,行动,把今天的回应缩小成一个可执行动作：一周一次家庭经文/感谢/分享时间。,今天我能做哪一个小而真实的改变？,今天的行动更像：①还没做 ②做了一点 ③认真完成了,今天完成一个“小步行动”：一周一次家庭经文/感谢/分享时间。,伙伴只追踪一个具体行动有没有发生。,一个小行动，就是生命果子的起点。,从家庭功能转向家庭门训,A,待编写
W30D06,6,30,III 进入生活,LQ06,LQ05,家庭门训,家庭可以成为门训的地方吗？,信仰常被留在礼拜堂，家庭只处理成绩、钱、家务和冲突。,家庭中的养育与主的教训,家庭中的养育与主的教训,路2：41-52,约15：9-17,连接→实践→陪伴,家庭关系本身，就是跟随基督的地方。,关系与传递,把生命放进关系里：今天谁会因为我的选择而受益、受伤或得到安慰？,我的选择会怎样影响身边一个具体的人？,在关系里我更像：①只顾自己 ②开始留意别人 ③主动做了一件事,把今天的行动带进一个真实关系；伙伴问“家里发生了什么真实改变？”,我在家里是教导别人，还是与他们一起跟随？,建立可持续的家庭节奏,从家庭功能转向家庭门训,A,待编写
W30D07,7,30,III 进入生活,LQ06,LQ05,家庭门训,家庭可以成为门训的地方吗？,信仰常被留在礼拜堂，家庭只处理成绩、钱、家务和冲突。,弗6：1-4,家庭中的养育与主的教训,路2：41-52,约15：9-17,连接→实践→陪伴,家庭关系本身，就是跟随基督的地方。,回顾,回顾这一周：我有没有从这个生命问题走出一点新的方向？下一步只保留一个继续操练的重点。,这周什么真的改变了一点？什么仍需要继续？,这一周我更像：①没有变化 ②有一个小变化 ③准备继续,写下“一个改变、一个未完成、一个下一步”。,伙伴问“家里发生了什么真实改变？”,把这一周的学习带进下一周，而不是停在课程结束。,从家庭功能转向家庭门训,A,待编写
W31D01,1,31,III 进入生活,LQ08,LQ03,职业与使命,职业可以成为使命吗？,觉得使命只能靠教会项目或全职服事完成。,林前7：17,弗2：10,路19：1-10,约20：21,连接→见证→使命,跟随基督不一定离开原来的生活，而是在自己的处境中忠心。,看见,先看见自己正在经历的“职业可以成为使命吗？”，不用急着改变，先辨认它在生活中什么时候出现。,今天什么时候最容易出现这个问题：“职业可以成为使命吗？”？,我今天更像：①没有留意 ②已经看见 ③正在面对,记录一次真实场景，只写“发生了什么”，不急着评价自己。,可以只分享一个真实场景，不解释、不辩护。,先让福音进入自己的真实生活。,从职业谋生转向职业见证,A,待编写
W31D02,2,31,III 进入生活,LQ08,LQ03,职业与使命,职业可以成为使命吗？,觉得使命只能靠教会项目或全职服事完成。,弗2：10,弗2：10,路19：1-10,约20：21,连接→见证→使命,跟随基督不一定离开原来的生活，而是在自己的处境中忠心。,挖根,今天往里走一步：当“职业可以成为使命吗？”出现时，我最怕失去、最想抓住或最想证明的是什么？,如果暂时不急着解决，我真正担心的是什么？,我目前更像：①被反应推着走 ②开始辨认根源 ③愿意停下来,为今天发现的根源写下一句话：我真正害怕/抓住/证明的是______。,伙伴只问“你发现了什么？”，不急着给答案。,把自己的发现带进一个具体关系。,从职业谋生转向职业见证,A,待编写
W31D03,3,31,III 进入生活,LQ08,LQ03,职业与使命,职业可以成为使命吗？,觉得使命只能靠教会项目或全职服事完成。,林前7：17,弗2：10,路19：1-10,约20：21,连接→见证→使命,跟随基督不一定离开原来的生活，而是在自己的处境中忠心。,回经文,回到林前7：17：不要只问“这段经文说了什么”，也问“它正在重新怎样解释我的生活？”,这段经文有没有一句话，正在挑战我对“职业可以成为使命吗？”的原有理解？,经文今天对我更像：①有距离 ②击中一点 ③需要回应,用林前7：17安静5分钟，记下一句最需要带进生活的话。,小组分享一句经文如何进入自己的生活。,让经文从理解变成生活选择。,从职业谋生转向职业见证,A,待编写
W31D04,4,31,III 进入生活,LQ08,LQ03,职业与使命,职业可以成为使命吗？,觉得使命只能靠教会项目或全职服事完成。,路19：1-10,弗2：10,路19：1-10,约20：21,连接→见证→使命,跟随基督不一定离开原来的生活，而是在自己的处境中忠心。,对照,把自己的旧习惯与新约的方向放在一起看：跟随基督不一定离开原来的生活，而是在自己的职业和处境中忠心、见证、服事。,我现在的做法，与今天看见的福音方向差在哪里？,我目前更像：①仍按旧标准生活 ②开始调整 ③已经在实践,做一个小调整，方向是：跟随基督不一定离开原来的生活，而是在自己的处境中忠心。,伙伴帮助辨认差距，不评判属灵程度。,让生命方向影响家庭、工作或群体。,从职业谋生转向职业见证,A,待编写
W31D05,5,31,III 进入生活,LQ08,LQ03,职业与使命,职业可以成为使命吗？,觉得使命只能靠教会项目或全职服事完成。,约20：21,弗2：10,路19：1-10,约20：21,连接→见证→使命,跟随基督不一定离开原来的生活，而是在自己的处境中忠心。,行动,把今天的回应缩小成一个可执行动作：本周刻意帮助一位与自己职业无关的人。,今天我能做哪一个小而真实的改变？,今天的行动更像：①还没做 ②做了一点 ③认真完成了,今天完成一个“小步行动”：本周刻意帮助一位与自己职业无关的人。,伙伴只追踪一个具体行动有没有发生。,一个小行动，就是生命果子的起点。,从职业谋生转向职业见证,A,待编写
W31D06,6,31,III 进入生活,LQ08,LQ03,职业与使命,职业可以成为使命吗？,觉得使命只能靠教会项目或全职服事完成。,弗2：10,弗2：10,路19：1-10,约20：21,连接→见证→使命,跟随基督不一定离开原来的生活，而是在自己的处境中忠心。,关系与传递,把生命放进关系里：今天谁会因为我的选择而受益、受伤或得到安慰？,我的选择会怎样影响身边一个具体的人？,在关系里我更像：①只顾自己 ②开始留意别人 ③主动做了一件事,把今天的行动带进一个真实关系；伙伴问“你的职业正在祝福谁？”,我的职业每天接触谁？这些人能从我身上看见什么？,让职场成为邻舍与使命现场,从职业谋生转向职业见证,A,待编写
W31D07,7,31,III 进入生活,LQ08,LQ03,职业与使命,职业可以成为使命吗？,觉得使命只能靠教会项目或全职服事完成。,林前7：17,弗2：10,路19：1-10,约20：21,连接→见证→使命,跟随基督不一定离开原来的生活，而是在自己的处境中忠心。,回顾,回顾这一周：我有没有从这个生命问题走出一点新的方向？下一步只保留一个继续操练的重点。,这周什么真的改变了一点？什么仍需要继续？,这一周我更像：①没有变化 ②有一个小变化 ③准备继续,写下“一个改变、一个未完成、一个下一步”。,伙伴问“你的职业正在祝福谁？”,把这一周的学习带进下一周，而不是停在课程结束。,从职业谋生转向职业见证,A,待编写
W32D01,1,32,III 进入生活,LQ02,LQ08,资源成为祝福,我拥有的东西怎样成为别人的祝福？,时间、钱、技能、关系都容易只围绕自己和家庭。,林后9：6-8,徒20：35,路12：13-21,约12：24-26,拥有→分辨→给予,神给我的资源不只是为了拥有，也是为了给予。,看见,先看见自己正在经历的“我拥有的东西怎样成为别人的祝福？”，不用急着改变，先辨认它在生活中什么时候出现。,今天什么时候最容易出现这个问题：“我拥有的东西怎样成为别人的祝福？”？,我今天更像：①没有留意 ②已经看见 ③正在面对,记录一次真实场景，只写“发生了什么”，不急着评价自己。,可以只分享一个真实场景，不解释、不辩护。,先让福音进入自己的真实生活。,从拥有转向管家,A,待编写
W32D02,2,32,III 进入生活,LQ02,LQ08,资源成为祝福,我拥有的东西怎样成为别人的祝福？,时间、钱、技能、关系都容易只围绕自己和家庭。,徒20：35,徒20：35,路12：13-21,约12：24-26,拥有→分辨→给予,神给我的资源不只是为了拥有，也是为了给予。,挖根,今天往里走一步：当“我拥有的东西怎样成为别人的祝福？”出现时，我最怕失去、最想抓住或最想证明的是什么？,如果暂时不急着解决，我真正担心的是什么？,我目前更像：①被反应推着走 ②开始辨认根源 ③愿意停下来,为今天发现的根源写下一句话：我真正害怕/抓住/证明的是______。,伙伴只问“你发现了什么？”，不急着给答案。,把自己的发现带进一个具体关系。,从拥有转向管家,A,待编写
W32D03,3,32,III 进入生活,LQ02,LQ08,资源成为祝福,我拥有的东西怎样成为别人的祝福？,时间、钱、技能、关系都容易只围绕自己和家庭。,林后9：6-8,徒20：35,路12：13-21,约12：24-26,拥有→分辨→给予,神给我的资源不只是为了拥有，也是为了给予。,回经文,回到林后9：6-8：不要只问“这段经文说了什么”，也问“它正在重新怎样解释我的生活？”,这段经文有没有一句话，正在挑战我对“我拥有的东西怎样成为别人的祝福？”的原有理解？,经文今天对我更像：①有距离 ②击中一点 ③需要回应,用林后9：6-8安静5分钟，记下一句最需要带进生活的话。,小组分享一句经文如何进入自己的生活。,让经文从理解变成生活选择。,从拥有转向管家,A,待编写
W32D04,4,32,III 进入生活,LQ02,LQ08,资源成为祝福,我拥有的东西怎样成为别人的祝福？,时间、钱、技能、关系都容易只围绕自己和家庭。,路12：13-21,徒20：35,路12：13-21,约12：24-26,拥有→分辨→给予,神给我的资源不只是为了拥有，也是为了给予。,对照,把自己的旧习惯与新约的方向放在一起看：资源不是单纯“我的”，而是可以成为神借我祝福别人的工具。,我现在的做法，与今天看见的福音方向差在哪里？,我目前更像：①仍按旧标准生活 ②开始调整 ③已经在实践,做一个小调整，方向是：神给我的资源不只是为了拥有，也是为了给予。,伙伴帮助辨认差距，不评判属灵程度。,让生命方向影响家庭、工作或群体。,从拥有转向管家,A,待编写
W32D05,5,32,III 进入生活,LQ02,LQ08,资源成为祝福,我拥有的东西怎样成为别人的祝福？,时间、钱、技能、关系都容易只围绕自己和家庭。,约12：24-26,徒20：35,路12：13-21,约12：24-26,拥有→分辨→给予,神给我的资源不只是为了拥有，也是为了给予。,行动,把今天的回应缩小成一个可执行动作：本周给予一次不求回报的具体帮助。,今天我能做哪一个小而真实的改变？,今天的行动更像：①还没做 ②做了一点 ③认真完成了,今天完成一个“小步行动”：本周给予一次不求回报的具体帮助。,伙伴只追踪一个具体行动有没有发生。,一个小行动，就是生命果子的起点。,从拥有转向管家,A,待编写
W32D06,6,32,III 进入生活,LQ02,LQ08,资源成为祝福,我拥有的东西怎样成为别人的祝福？,时间、钱、技能、关系都容易只围绕自己和家庭。,徒20：35,徒20：35,路12：13-21,约12：24-26,拥有→分辨→给予,神给我的资源不只是为了拥有，也是为了给予。,关系与传递,把生命放进关系里：今天谁会因为我的选择而受益、受伤或得到安慰？,我的选择会怎样影响身边一个具体的人？,在关系里我更像：①只顾自己 ②开始留意别人 ③主动做了一件事,把今天的行动带进一个真实关系；伙伴只问“祝福了谁？”,我最舍不得给出去的是什么？为什么？,把资源进入共同体与使命,从拥有转向管家,A,待编写
W32D07,7,32,III 进入生活,LQ02,LQ08,资源成为祝福,我拥有的东西怎样成为别人的祝福？,时间、钱、技能、关系都容易只围绕自己和家庭。,林后9：6-8,徒20：35,路12：13-21,约12：24-26,拥有→分辨→给予,神给我的资源不只是为了拥有，也是为了给予。,回顾,回顾这一周：我有没有从这个生命问题走出一点新的方向？下一步只保留一个继续操练的重点。,这周什么真的改变了一点？什么仍需要继续？,这一周我更像：①没有变化 ②有一个小变化 ③准备继续,写下“一个改变、一个未完成、一个下一步”。,伙伴只问“祝福了谁？”,把这一周的学习带进下一周，而不是停在课程结束。,从拥有转向管家,A,待编写
W33D01,1,33,III 进入生活,LQ05,LQ08,跨越差异,怎样面对与我不同的人？,语言、年龄、阶层、地域和价值观差异容易形成距离。,罗15：5-7,罗14：1-4,路10：25-37,约17：20-23,看见差异→接纳→同行,接纳不是取消差异，而是在基督里学习一起跟随。,看见,先看见自己正在经历的“怎样面对与我不同的人？”，不用急着改变，先辨认它在生活中什么时候出现。,今天什么时候最容易出现这个问题：“怎样面对与我不同的人？”？,我今天更像：①没有留意 ②已经看见 ③正在面对,记录一次真实场景，只写“发生了什么”，不急着评价自己。,可以只分享一个真实场景，不解释、不辩护。,先让福音进入自己的真实生活。,从同温层转向基督里的合一,A,待编写
W33D02,2,33,III 进入生活,LQ05,LQ08,跨越差异,怎样面对与我不同的人？,语言、年龄、阶层、地域和价值观差异容易形成距离。,罗14：1-4,罗14：1-4,路10：25-37,约17：20-23,看见差异→接纳→同行,接纳不是取消差异，而是在基督里学习一起跟随。,挖根,今天往里走一步：当“怎样面对与我不同的人？”出现时，我最怕失去、最想抓住或最想证明的是什么？,如果暂时不急着解决，我真正担心的是什么？,我目前更像：①被反应推着走 ②开始辨认根源 ③愿意停下来,为今天发现的根源写下一句话：我真正害怕/抓住/证明的是______。,伙伴只问“你发现了什么？”，不急着给答案。,把自己的发现带进一个具体关系。,从同温层转向基督里的合一,A,待编写
W33D03,3,33,III 进入生活,LQ05,LQ08,跨越差异,怎样面对与我不同的人？,语言、年龄、阶层、地域和价值观差异容易形成距离。,罗15：5-7,罗14：1-4,路10：25-37,约17：20-23,看见差异→接纳→同行,接纳不是取消差异，而是在基督里学习一起跟随。,回经文,回到罗15：5-7：不要只问“这段经文说了什么”，也问“它正在重新怎样解释我的生活？”,这段经文有没有一句话，正在挑战我对“怎样面对与我不同的人？”的原有理解？,经文今天对我更像：①有距离 ②击中一点 ③需要回应,用罗15：5-7安静5分钟，记下一句最需要带进生活的话。,小组分享一句经文如何进入自己的生活。,让经文从理解变成生活选择。,从同温层转向基督里的合一,A,待编写
W33D04,4,33,III 进入生活,LQ05,LQ08,跨越差异,怎样面对与我不同的人？,语言、年龄、阶层、地域和价值观差异容易形成距离。,路10：25-37,罗14：1-4,路10：25-37,约17：20-23,看见差异→接纳→同行,接纳不是取消差异，而是在基督里学习一起跟随。,对照,把自己的旧习惯与新约的方向放在一起看：基督怎样接纳你，你也学习在真理中接纳与你不同的人。,我现在的做法，与今天看见的福音方向差在哪里？,我目前更像：①仍按旧标准生活 ②开始调整 ③已经在实践,做一个小调整，方向是：接纳不是取消差异，而是在基督里学习一起跟随。,伙伴帮助辨认差距，不评判属灵程度。,让生命方向影响家庭、工作或群体。,从同温层转向基督里的合一,A,待编写
W33D05,5,33,III 进入生活,LQ05,LQ08,跨越差异,怎样面对与我不同的人？,语言、年龄、阶层、地域和价值观差异容易形成距离。,约17：20-23,罗14：1-4,路10：25-37,约17：20-23,看见差异→接纳→同行,接纳不是取消差异，而是在基督里学习一起跟随。,行动,把今天的回应缩小成一个可执行动作：本周与一位平时不会主动接近的人共处一次。,今天我能做哪一个小而真实的改变？,今天的行动更像：①还没做 ②做了一点 ③认真完成了,今天完成一个“小步行动”：本周与一位平时不会主动接近的人共处一次。,伙伴只追踪一个具体行动有没有发生。,一个小行动，就是生命果子的起点。,从同温层转向基督里的合一,A,待编写
W33D06,6,33,III 进入生活,LQ05,LQ08,跨越差异,怎样面对与我不同的人？,语言、年龄、阶层、地域和价值观差异容易形成距离。,罗14：1-4,罗14：1-4,路10：25-37,约17：20-23,看见差异→接纳→同行,接纳不是取消差异，而是在基督里学习一起跟随。,关系与传递,把生命放进关系里：今天谁会因为我的选择而受益、受伤或得到安慰？,我的选择会怎样影响身边一个具体的人？,在关系里我更像：①只顾自己 ②开始留意别人 ③主动做了一件事,把今天的行动带进一个真实关系；伙伴只记录自己学到了什么。,我面对差异时，是先好奇还是先防御？,把差异变成学习与见证的机会,从同温层转向基督里的合一,A,待编写
W33D07,7,33,III 进入生活,LQ05,LQ08,跨越差异,怎样面对与我不同的人？,语言、年龄、阶层、地域和价值观差异容易形成距离。,罗15：5-7,罗14：1-4,路10：25-37,约17：20-23,看见差异→接纳→同行,接纳不是取消差异，而是在基督里学习一起跟随。,回顾,回顾这一周：我有没有从这个生命问题走出一点新的方向？下一步只保留一个继续操练的重点。,这周什么真的改变了一点？什么仍需要继续？,这一周我更像：①没有变化 ②有一个小变化 ③准备继续,写下“一个改变、一个未完成、一个下一步”。,伙伴只记录自己学到了什么。,把这一周的学习带进下一周，而不是停在课程结束。,从同温层转向基督里的合一,A,待编写
W34D01,1,34,III 进入生活,LQ05,LQ07,冲突中的和好,冲突中怎样仍然活出基督？,冲突容易触发防御、冷战、攻击和“谁对谁错”。,罗12：18,弗4：26-32,路6：27-36,约13：34-35,暂停→表达→和好,不能控制别人，但可以决定自己怎样回应。,看见,先看见自己正在经历的“冲突中怎样仍然活出基督？”，不用急着改变，先辨认它在生活中什么时候出现。,今天什么时候最容易出现这个问题：“冲突中怎样仍然活出基督？”？,我今天更像：①没有留意 ②已经看见 ③正在面对,记录一次真实场景，只写“发生了什么”，不急着评价自己。,可以只分享一个真实场景，不解释、不辩护。,先让福音进入自己的真实生活。,从赢过别人转向保守关系与真理,A,待编写
W34D02,2,34,III 进入生活,LQ05,LQ07,冲突中的和好,冲突中怎样仍然活出基督？,冲突容易触发防御、冷战、攻击和“谁对谁错”。,弗4：26-32,弗4：26-32,路6：27-36,约13：34-35,暂停→表达→和好,不能控制别人，但可以决定自己怎样回应。,挖根,今天往里走一步：当“冲突中怎样仍然活出基督？”出现时，我最怕失去、最想抓住或最想证明的是什么？,如果暂时不急着解决，我真正担心的是什么？,我目前更像：①被反应推着走 ②开始辨认根源 ③愿意停下来,为今天发现的根源写下一句话：我真正害怕/抓住/证明的是______。,伙伴只问“你发现了什么？”，不急着给答案。,把自己的发现带进一个具体关系。,从赢过别人转向保守关系与真理,A,待编写
W34D03,3,34,III 进入生活,LQ05,LQ07,冲突中的和好,冲突中怎样仍然活出基督？,冲突容易触发防御、冷战、攻击和“谁对谁错”。,罗12：18,弗4：26-32,路6：27-36,约13：34-35,暂停→表达→和好,不能控制别人，但可以决定自己怎样回应。,回经文,回到罗12：18：不要只问“这段经文说了什么”，也问“它正在重新怎样解释我的生活？”,这段经文有没有一句话，正在挑战我对“冲突中怎样仍然活出基督？”的原有理解？,经文今天对我更像：①有距离 ②击中一点 ③需要回应,用罗12：18安静5分钟，记下一句最需要带进生活的话。,小组分享一句经文如何进入自己的生活。,让经文从理解变成生活选择。,从赢过别人转向保守关系与真理,A,待编写
W34D04,4,34,III 进入生活,LQ05,LQ07,冲突中的和好,冲突中怎样仍然活出基督？,冲突容易触发防御、冷战、攻击和“谁对谁错”。,路6：27-36,弗4：26-32,路6：27-36,约13：34-35,暂停→表达→和好,不能控制别人，但可以决定自己怎样回应。,对照,把自己的旧习惯与新约的方向放在一起看：不能控制别人，但可以决定自己怎样回应，并在安全与真理中追求和好。,我现在的做法，与今天看见的福音方向差在哪里？,我目前更像：①仍按旧标准生活 ②开始调整 ③已经在实践,做一个小调整，方向是：不能控制别人，但可以决定自己怎样回应。,伙伴帮助辨认差距，不评判属灵程度。,让生命方向影响家庭、工作或群体。,从赢过别人转向保守关系与真理,A,待编写
W34D05,5,34,III 进入生活,LQ05,LQ07,冲突中的和好,冲突中怎样仍然活出基督？,冲突容易触发防御、冷战、攻击和“谁对谁错”。,约13：34-35,弗4：26-32,路6：27-36,约13：34-35,暂停→表达→和好,不能控制别人，但可以决定自己怎样回应。,行动,把今天的回应缩小成一个可执行动作：本周主动做一次“澄清而非定罪”的对话。,今天我能做哪一个小而真实的改变？,今天的行动更像：①还没做 ②做了一点 ③认真完成了,今天完成一个“小步行动”：本周主动做一次“澄清而非定罪”的对话。,伙伴只追踪一个具体行动有没有发生。,一个小行动，就是生命果子的起点。,从赢过别人转向保守关系与真理,A,待编写
W34D06,6,34,III 进入生活,LQ05,LQ07,冲突中的和好,冲突中怎样仍然活出基督？,冲突容易触发防御、冷战、攻击和“谁对谁错”。,弗4：26-32,弗4：26-32,路6：27-36,约13：34-35,暂停→表达→和好,不能控制别人，但可以决定自己怎样回应。,关系与传递,把生命放进关系里：今天谁会因为我的选择而受益、受伤或得到安慰？,我的选择会怎样影响身边一个具体的人？,在关系里我更像：①只顾自己 ②开始留意别人 ③主动做了一件事,把今天的行动带进一个真实关系；伙伴问“你承担了哪一部分？”,我最想赢的是事实、面子，还是关系？,让和好成为群体见证,从赢过别人转向保守关系与真理,A,待编写
W34D07,7,34,III 进入生活,LQ05,LQ07,冲突中的和好,冲突中怎样仍然活出基督？,冲突容易触发防御、冷战、攻击和“谁对谁错”。,罗12：18,弗4：26-32,路6：27-36,约13：34-35,暂停→表达→和好,不能控制别人，但可以决定自己怎样回应。,回顾,回顾这一周：我有没有从这个生命问题走出一点新的方向？下一步只保留一个继续操练的重点。,这周什么真的改变了一点？什么仍需要继续？,这一周我更像：①没有变化 ②有一个小变化 ③准备继续,写下“一个改变、一个未完成、一个下一步”。,伙伴问“你承担了哪一部分？”,把这一周的学习带进下一周，而不是停在课程结束。,从赢过别人转向保守关系与真理,A,待编写
W35D01,1,35,III 进入生活,LQ06,LQ08,主动担当,我能为谁承担一点责任？,知道很多问题存在，却习惯等待别人先处理。,加6：2,腓2：4,路10：30-37,约15：12-13,看见需要→主动承担→持续,不要只顾自己的事，也学习主动承担别人的重担。,看见,先看见自己正在经历的“我能为谁承担一点责任？”，不用急着改变，先辨认它在生活中什么时候出现。,今天什么时候最容易出现这个问题：“我能为谁承担一点责任？”？,我今天更像：①没有留意 ②已经看见 ③正在面对,记录一次真实场景，只写“发生了什么”，不急着评价自己。,可以只分享一个真实场景，不解释、不辩护。,先让福音进入自己的真实生活。,从被安排转向主动服事,A,待编写
W35D02,2,35,III 进入生活,LQ06,LQ08,主动担当,我能为谁承担一点责任？,知道很多问题存在，却习惯等待别人先处理。,腓2：4,腓2：4,路10：30-37,约15：12-13,看见需要→主动承担→持续,不要只顾自己的事，也学习主动承担别人的重担。,挖根,今天往里走一步：当“我能为谁承担一点责任？”出现时，我最怕失去、最想抓住或最想证明的是什么？,如果暂时不急着解决，我真正担心的是什么？,我目前更像：①被反应推着走 ②开始辨认根源 ③愿意停下来,为今天发现的根源写下一句话：我真正害怕/抓住/证明的是______。,伙伴只问“你发现了什么？”，不急着给答案。,把自己的发现带进一个具体关系。,从被安排转向主动服事,A,待编写
W35D03,3,35,III 进入生活,LQ06,LQ08,主动担当,我能为谁承担一点责任？,知道很多问题存在，却习惯等待别人先处理。,加6：2,腓2：4,路10：30-37,约15：12-13,看见需要→主动承担→持续,不要只顾自己的事，也学习主动承担别人的重担。,回经文,回到加6：2：不要只问“这段经文说了什么”，也问“它正在重新怎样解释我的生活？”,这段经文有没有一句话，正在挑战我对“我能为谁承担一点责任？”的原有理解？,经文今天对我更像：①有距离 ②击中一点 ③需要回应,用加6：2安静5分钟，记下一句最需要带进生活的话。,小组分享一句经文如何进入自己的生活。,让经文从理解变成生活选择。,从被安排转向主动服事,A,待编写
W35D04,4,35,III 进入生活,LQ06,LQ08,主动担当,我能为谁承担一点责任？,知道很多问题存在，却习惯等待别人先处理。,路10：30-37,腓2：4,路10：30-37,约15：12-13,看见需要→主动承担→持续,不要只顾自己的事，也学习主动承担别人的重担。,对照,把自己的旧习惯与新约的方向放在一起看：成熟不是只管理自己，也学习主动承担可以承担的别人的重担。,我现在的做法，与今天看见的福音方向差在哪里？,我目前更像：①仍按旧标准生活 ②开始调整 ③已经在实践,做一个小调整，方向是：不要只顾自己的事，也学习主动承担别人的重担。,伙伴帮助辨认差距，不评判属灵程度。,让生命方向影响家庭、工作或群体。,从被安排转向主动服事,A,待编写
W35D05,5,35,III 进入生活,LQ06,LQ08,主动担当,我能为谁承担一点责任？,知道很多问题存在，却习惯等待别人先处理。,约15：12-13,腓2：4,路10：30-37,约15：12-13,看见需要→主动承担→持续,不要只顾自己的事，也学习主动承担别人的重担。,行动,把今天的回应缩小成一个可执行动作：本周承担一个没人要求但确实有益处的任务。,今天我能做哪一个小而真实的改变？,今天的行动更像：①还没做 ②做了一点 ③认真完成了,今天完成一个“小步行动”：本周承担一个没人要求但确实有益处的任务。,伙伴只追踪一个具体行动有没有发生。,一个小行动，就是生命果子的起点。,从被安排转向主动服事,A,待编写
W35D06,6,35,III 进入生活,LQ06,LQ08,主动担当,我能为谁承担一点责任？,知道很多问题存在，却习惯等待别人先处理。,腓2：4,腓2：4,路10：30-37,约15：12-13,看见需要→主动承担→持续,不要只顾自己的事，也学习主动承担别人的重担。,关系与传递,把生命放进关系里：今天谁会因为我的选择而受益、受伤或得到安慰？,我的选择会怎样影响身边一个具体的人？,在关系里我更像：①只顾自己 ②开始留意别人 ③主动做了一件事,把今天的行动带进一个真实关系；伙伴记录一个主动担当。,我看见需要时，第一反应是“谁负责”，还是“我能做什么”？,成为群体可靠的人,从被安排转向主动服事,A,待编写
W35D07,7,35,III 进入生活,LQ06,LQ08,主动担当,我能为谁承担一点责任？,知道很多问题存在，却习惯等待别人先处理。,加6：2,腓2：4,路10：30-37,约15：12-13,看见需要→主动承担→持续,不要只顾自己的事，也学习主动承担别人的重担。,回顾,回顾这一周：我有没有从这个生命问题走出一点新的方向？下一步只保留一个继续操练的重点。,这周什么真的改变了一点？什么仍需要继续？,这一周我更像：①没有变化 ②有一个小变化 ③准备继续,写下“一个改变、一个未完成、一个下一步”。,伙伴记录一个主动担当。,把这一周的学习带进下一周，而不是停在课程结束。,从被安排转向主动服事,A,待编写
W36D01,1,36,III 进入生活,LQ06,LQ05,使用恩赐,我的能力应该为谁使用？,能力容易变成个人竞争资本，或者因自卑而不用。,林前12：4-7,恩赐不同、同一圣灵、为共同益处,路9：1-6,约15：8,认识→使用→共享,神给你的能力，不只是为自己使用，也是为了服事别人。,看见,先看见自己正在经历的“我的能力应该为谁使用？”，不用急着改变，先辨认它在生活中什么时候出现。,今天什么时候最容易出现这个问题：“我的能力应该为谁使用？”？,我今天更像：①没有留意 ②已经看见 ③正在面对,记录一次真实场景，只写“发生了什么”，不急着评价自己。,可以只分享一个真实场景，不解释、不辩护。,先让福音进入自己的真实生活。,从能力证明转向能力服事,A,待编写
W36D02,2,36,III 进入生活,LQ06,LQ05,使用恩赐,我的能力应该为谁使用？,能力容易变成个人竞争资本，或者因自卑而不用。,恩赐不同、同一圣灵、为共同益处,恩赐不同、同一圣灵、为共同益处,路9：1-6,约15：8,认识→使用→共享,神给你的能力，不只是为自己使用，也是为了服事别人。,挖根,今天往里走一步：当“我的能力应该为谁使用？”出现时，我最怕失去、最想抓住或最想证明的是什么？,如果暂时不急着解决，我真正担心的是什么？,我目前更像：①被反应推着走 ②开始辨认根源 ③愿意停下来,为今天发现的根源写下一句话：我真正害怕/抓住/证明的是______。,伙伴只问“你发现了什么？”，不急着给答案。,把自己的发现带进一个具体关系。,从能力证明转向能力服事,A,待编写
W36D03,3,36,III 进入生活,LQ06,LQ05,使用恩赐,我的能力应该为谁使用？,能力容易变成个人竞争资本，或者因自卑而不用。,林前12：4-7,恩赐不同、同一圣灵、为共同益处,路9：1-6,约15：8,认识→使用→共享,神给你的能力，不只是为自己使用，也是为了服事别人。,回经文,回到林前12：4-7：不要只问“这段经文说了什么”，也问“它正在重新怎样解释我的生活？”,这段经文有没有一句话，正在挑战我对“我的能力应该为谁使用？”的原有理解？,经文今天对我更像：①有距离 ②击中一点 ③需要回应,用林前12：4-7安静5分钟，记下一句最需要带进生活的话。,小组分享一句经文如何进入自己的生活。,让经文从理解变成生活选择。,从能力证明转向能力服事,A,待编写
W36D04,4,36,III 进入生活,LQ06,LQ05,使用恩赐,我的能力应该为谁使用？,能力容易变成个人竞争资本，或者因自卑而不用。,路9：1-6,恩赐不同、同一圣灵、为共同益处,路9：1-6,约15：8,认识→使用→共享,神给你的能力，不只是为自己使用，也是为了服事别人。,对照,把自己的旧习惯与新约的方向放在一起看：神给人的能力不是只为自己使用，也是为了共同益处与服事。,我现在的做法，与今天看见的福音方向差在哪里？,我目前更像：①仍按旧标准生活 ②开始调整 ③已经在实践,做一个小调整，方向是：神给你的能力，不只是为自己使用，也是为了服事别人。,伙伴帮助辨认差距，不评判属灵程度。,让生命方向影响家庭、工作或群体。,从能力证明转向能力服事,A,待编写
W36D05,5,36,III 进入生活,LQ06,LQ05,使用恩赐,我的能力应该为谁使用？,能力容易变成个人竞争资本，或者因自卑而不用。,约15：8,恩赐不同、同一圣灵、为共同益处,路9：1-6,约15：8,认识→使用→共享,神给你的能力，不只是为自己使用，也是为了服事别人。,行动,把今天的回应缩小成一个可执行动作：本周用一项能力服务别人，不把它当作展示机会。,今天我能做哪一个小而真实的改变？,今天的行动更像：①还没做 ②做了一点 ③认真完成了,今天完成一个“小步行动”：本周用一项能力服务别人，不把它当作展示机会。,伙伴只追踪一个具体行动有没有发生。,一个小行动，就是生命果子的起点。,从能力证明转向能力服事,A,待编写
W36D06,6,36,III 进入生活,LQ06,LQ05,使用恩赐,我的能力应该为谁使用？,能力容易变成个人竞争资本，或者因自卑而不用。,恩赐不同、同一圣灵、为共同益处,恩赐不同、同一圣灵、为共同益处,路9：1-6,约15：8,认识→使用→共享,神给你的能力，不只是为自己使用，也是为了服事别人。,关系与传递,把生命放进关系里：今天谁会因为我的选择而受益、受伤或得到安慰？,我的选择会怎样影响身边一个具体的人？,在关系里我更像：①只顾自己 ②开始留意别人 ③主动做了一件事,把今天的行动带进一个真实关系；伙伴给反馈“受益在哪里”，而非“你多厉害”。,我的能力最常服务谁？为什么？,建立彼此成全的恩赐文化,从能力证明转向能力服事,A,待编写
W36D07,7,36,III 进入生活,LQ06,LQ05,使用恩赐,我的能力应该为谁使用？,能力容易变成个人竞争资本，或者因自卑而不用。,林前12：4-7,恩赐不同、同一圣灵、为共同益处,路9：1-6,约15：8,认识→使用→共享,神给你的能力，不只是为自己使用，也是为了服事别人。,回顾,回顾这一周：我有没有从这个生命问题走出一点新的方向？下一步只保留一个继续操练的重点。,这周什么真的改变了一点？什么仍需要继续？,这一周我更像：①没有变化 ②有一个小变化 ③准备继续,写下“一个改变、一个未完成、一个下一步”。,伙伴给反馈“受益在哪里”，而非“你多厉害”。,把这一周的学习带进下一周，而不是停在课程结束。,从能力证明转向能力服事,A,待编写
W37D01,1,37,III 进入生活,LQ06,LQ08,忠心托付,我怎样忠心承担神交给我的？,容易过度承担，也容易逃避长期、琐碎、没有掌声的责任。,罗12：3-8,林前4：1-2,路16：10-12,约15：4-8,辨认托付→忠心→交账,不要承担神没有给你的，也不要逃避神已经交给你的。,看见,先看见自己正在经历的“我怎样忠心承担神交给我的？”，不用急着改变，先辨认它在生活中什么时候出现。,今天什么时候最容易出现这个问题：“我怎样忠心承担神交给我的？”？,我今天更像：①没有留意 ②已经看见 ③正在面对,记录一次真实场景，只写“发生了什么”，不急着评价自己。,可以只分享一个真实场景，不解释、不辩护。,先让福音进入自己的真实生活。,从过度承担/逃避转向忠心,A,待编写
W37D02,2,37,III 进入生活,LQ06,LQ08,忠心托付,我怎样忠心承担神交给我的？,容易过度承担，也容易逃避长期、琐碎、没有掌声的责任。,林前4：1-2,林前4：1-2,路16：10-12,约15：4-8,辨认托付→忠心→交账,不要承担神没有给你的，也不要逃避神已经交给你的。,挖根,今天往里走一步：当“我怎样忠心承担神交给我的？”出现时，我最怕失去、最想抓住或最想证明的是什么？,如果暂时不急着解决，我真正担心的是什么？,我目前更像：①被反应推着走 ②开始辨认根源 ③愿意停下来,为今天发现的根源写下一句话：我真正害怕/抓住/证明的是______。,伙伴只问“你发现了什么？”，不急着给答案。,把自己的发现带进一个具体关系。,从过度承担/逃避转向忠心,A,待编写
W37D03,3,37,III 进入生活,LQ06,LQ08,忠心托付,我怎样忠心承担神交给我的？,容易过度承担，也容易逃避长期、琐碎、没有掌声的责任。,罗12：3-8,林前4：1-2,路16：10-12,约15：4-8,辨认托付→忠心→交账,不要承担神没有给你的，也不要逃避神已经交给你的。,回经文,回到罗12：3-8：不要只问“这段经文说了什么”，也问“它正在重新怎样解释我的生活？”,这段经文有没有一句话，正在挑战我对“我怎样忠心承担神交给我的？”的原有理解？,经文今天对我更像：①有距离 ②击中一点 ③需要回应,用罗12：3-8安静5分钟，记下一句最需要带进生活的话。,小组分享一句经文如何进入自己的生活。,让经文从理解变成生活选择。,从过度承担/逃避转向忠心,A,待编写
W37D04,4,37,III 进入生活,LQ06,LQ08,忠心托付,我怎样忠心承担神交给我的？,容易过度承担，也容易逃避长期、琐碎、没有掌声的责任。,路16：10-12,林前4：1-2,路16：10-12,约15：4-8,辨认托付→忠心→交账,不要承担神没有给你的，也不要逃避神已经交给你的。,对照,把自己的旧习惯与新约的方向放在一起看：成熟不是承担一切，而是辨认真正的托付并持续忠心。,我现在的做法，与今天看见的福音方向差在哪里？,我目前更像：①仍按旧标准生活 ②开始调整 ③已经在实践,做一个小调整，方向是：不要承担神没有给你的，也不要逃避神已经交给你的。,伙伴帮助辨认差距，不评判属灵程度。,让生命方向影响家庭、工作或群体。,从过度承担/逃避转向忠心,A,待编写
W37D05,5,37,III 进入生活,LQ06,LQ08,忠心托付,我怎样忠心承担神交给我的？,容易过度承担，也容易逃避长期、琐碎、没有掌声的责任。,约15：4-8,林前4：1-2,路16：10-12,约15：4-8,辨认托付→忠心→交账,不要承担神没有给你的，也不要逃避神已经交给你的。,行动,把今天的回应缩小成一个可执行动作：本周把一件长期拖延的小责任彻底完成。,今天我能做哪一个小而真实的改变？,今天的行动更像：①还没做 ②做了一点 ③认真完成了,今天完成一个“小步行动”：本周把一件长期拖延的小责任彻底完成。,伙伴只追踪一个具体行动有没有发生。,一个小行动，就是生命果子的起点。,从过度承担/逃避转向忠心,A,待编写
W37D06,6,37,III 进入生活,LQ06,LQ08,忠心托付,我怎样忠心承担神交给我的？,容易过度承担，也容易逃避长期、琐碎、没有掌声的责任。,林前4：1-2,林前4：1-2,路16：10-12,约15：4-8,辨认托付→忠心→交账,不要承担神没有给你的，也不要逃避神已经交给你的。,关系与传递,把生命放进关系里：今天谁会因为我的选择而受益、受伤或得到安慰？,我的选择会怎样影响身边一个具体的人？,在关系里我更像：①只顾自己 ②开始留意别人 ③主动做了一件事,把今天的行动带进一个真实关系；伙伴问“你最需要忠心的是哪一项？”,我承担得太多，还是逃避得太多？,形成可信赖的生活方式,从过度承担/逃避转向忠心,A,待编写
W37D07,7,37,III 进入生活,LQ06,LQ08,忠心托付,我怎样忠心承担神交给我的？,容易过度承担，也容易逃避长期、琐碎、没有掌声的责任。,罗12：3-8,林前4：1-2,路16：10-12,约15：4-8,辨认托付→忠心→交账,不要承担神没有给你的，也不要逃避神已经交给你的。,回顾,回顾这一周：我有没有从这个生命问题走出一点新的方向？下一步只保留一个继续操练的重点。,这周什么真的改变了一点？什么仍需要继续？,这一周我更像：①没有变化 ②有一个小变化 ③准备继续,写下“一个改变、一个未完成、一个下一步”。,伙伴问“你最需要忠心的是哪一项？”,把这一周的学习带进下一周，而不是停在课程结束。,从过度承担/逃避转向忠心,A,待编写
W38D01,1,38,III 进入生活,LQ08,LQ01,生活中的见证,怎样在普通生活中见证基督？,以为见证主要是说出来，忽略日常品格与工作关系。,腓2：14-16,在世代中好像明光、将生命的道表明出来,路5：27-32,约8：12,生活→可见→见证,见证不只在说什么，也在怎样生活。,看见,先看见自己正在经历的“怎样在普通生活中见证基督？”，不用急着改变，先辨认它在生活中什么时候出现。,今天什么时候最容易出现这个问题：“怎样在普通生活中见证基督？”？,我今天更像：①没有留意 ②已经看见 ③正在面对,记录一次真实场景，只写“发生了什么”，不急着评价自己。,可以只分享一个真实场景，不解释、不辩护。,先让福音进入自己的真实生活。,从宗教表达转向可见生命,A,待编写
W38D02,2,38,III 进入生活,LQ08,LQ01,生活中的见证,怎样在普通生活中见证基督？,以为见证主要是说出来，忽略日常品格与工作关系。,在世代中好像明光、将生命的道表明出来,在世代中好像明光、将生命的道表明出来,路5：27-32,约8：12,生活→可见→见证,见证不只在说什么，也在怎样生活。,挖根,今天往里走一步：当“怎样在普通生活中见证基督？”出现时，我最怕失去、最想抓住或最想证明的是什么？,如果暂时不急着解决，我真正担心的是什么？,我目前更像：①被反应推着走 ②开始辨认根源 ③愿意停下来,为今天发现的根源写下一句话：我真正害怕/抓住/证明的是______。,伙伴只问“你发现了什么？”，不急着给答案。,把自己的发现带进一个具体关系。,从宗教表达转向可见生命,A,待编写
W38D03,3,38,III 进入生活,LQ08,LQ01,生活中的见证,怎样在普通生活中见证基督？,以为见证主要是说出来，忽略日常品格与工作关系。,腓2：14-16,在世代中好像明光、将生命的道表明出来,路5：27-32,约8：12,生活→可见→见证,见证不只在说什么，也在怎样生活。,回经文,回到腓2：14-16：不要只问“这段经文说了什么”，也问“它正在重新怎样解释我的生活？”,这段经文有没有一句话，正在挑战我对“怎样在普通生活中见证基督？”的原有理解？,经文今天对我更像：①有距离 ②击中一点 ③需要回应,用腓2：14-16安静5分钟，记下一句最需要带进生活的话。,小组分享一句经文如何进入自己的生活。,让经文从理解变成生活选择。,从宗教表达转向可见生命,A,待编写
W38D04,4,38,III 进入生活,LQ08,LQ01,生活中的见证,怎样在普通生活中见证基督？,以为见证主要是说出来，忽略日常品格与工作关系。,路5：27-32,在世代中好像明光、将生命的道表明出来,路5：27-32,约8：12,生活→可见→见证,见证不只在说什么，也在怎样生活。,对照,把自己的旧习惯与新约的方向放在一起看：见证不仅是说什么，也在怎样生活，使人能从生命看见福音。,我现在的做法，与今天看见的福音方向差在哪里？,我目前更像：①仍按旧标准生活 ②开始调整 ③已经在实践,做一个小调整，方向是：见证不只在说什么，也在怎样生活。,伙伴帮助辨认差距，不评判属灵程度。,让生命方向影响家庭、工作或群体。,从宗教表达转向可见生命,A,待编写
W38D05,5,38,III 进入生活,LQ08,LQ01,生活中的见证,怎样在普通生活中见证基督？,以为见证主要是说出来，忽略日常品格与工作关系。,约8：12,在世代中好像明光、将生命的道表明出来,路5：27-32,约8：12,生活→可见→见证,见证不只在说什么，也在怎样生活。,行动,把今天的回应缩小成一个可执行动作：本周让一个非基督徒真实感受到一次具体善意。,今天我能做哪一个小而真实的改变？,今天的行动更像：①还没做 ②做了一点 ③认真完成了,今天完成一个“小步行动”：本周让一个非基督徒真实感受到一次具体善意。,伙伴只追踪一个具体行动有没有发生。,一个小行动，就是生命果子的起点。,从宗教表达转向可见生命,A,待编写
W38D06,6,38,III 进入生活,LQ08,LQ01,生活中的见证,怎样在普通生活中见证基督？,以为见证主要是说出来，忽略日常品格与工作关系。,在世代中好像明光、将生命的道表明出来,在世代中好像明光、将生命的道表明出来,路5：27-32,约8：12,生活→可见→见证,见证不只在说什么，也在怎样生活。,关系与传递,把生命放进关系里：今天谁会因为我的选择而受益、受伤或得到安慰？,我的选择会怎样影响身边一个具体的人？,在关系里我更像：①只顾自己 ②开始留意别人 ③主动做了一件事,把今天的行动带进一个真实关系；伙伴只分享一次真实见证。,别人最容易从我的生活看见什么？,让生活方式成为福音入口,从宗教表达转向可见生命,A,待编写
W38D07,7,38,III 进入生活,LQ08,LQ01,生活中的见证,怎样在普通生活中见证基督？,以为见证主要是说出来，忽略日常品格与工作关系。,腓2：14-16,在世代中好像明光、将生命的道表明出来,路5：27-32,约8：12,生活→可见→见证,见证不只在说什么，也在怎样生活。,回顾,回顾这一周：我有没有从这个生命问题走出一点新的方向？下一步只保留一个继续操练的重点。,这周什么真的改变了一点？什么仍需要继续？,这一周我更像：①没有变化 ②有一个小变化 ③准备继续,写下“一个改变、一个未完成、一个下一步”。,伙伴只分享一次真实见证。,把这一周的学习带进下一周，而不是停在课程结束。,从宗教表达转向可见生命,A,待编写
W39D01,1,39,III 进入生活,LQ08,LQ01,生命成为榜样,怎样成为别人可以学习的门徒？,知道很多内容，却很少有人能从生活中看见如何跟随基督。,林前11：1,腓4：9,路9：23,约13,生活化→示范→传递,不是先成为完美的人，而是成为一个真实跟随基督、别人可以学习的人。,看见,先看见自己正在经历的“怎样成为别人可以学习的门徒？”，不用急着改变，先辨认它在生活中什么时候出现。,今天什么时候最容易出现这个问题：“怎样成为别人可以学习的门徒？”？,我今天更像：①没有留意 ②已经看见 ③正在面对,记录一次真实场景，只写“发生了什么”，不急着评价自己。,可以只分享一个真实场景，不解释、不辩护。,先让福音进入自己的真实生活。,从个人成长进入生命传递,A,待编写
W39D02,2,39,III 进入生活,LQ08,LQ01,生命成为榜样,怎样成为别人可以学习的门徒？,知道很多内容，却很少有人能从生活中看见如何跟随基督。,腓4：9,腓4：9,路9：23,约13,生活化→示范→传递,不是先成为完美的人，而是成为一个真实跟随基督、别人可以学习的人。,挖根,今天往里走一步：当“怎样成为别人可以学习的门徒？”出现时，我最怕失去、最想抓住或最想证明的是什么？,如果暂时不急着解决，我真正担心的是什么？,我目前更像：①被反应推着走 ②开始辨认根源 ③愿意停下来,为今天发现的根源写下一句话：我真正害怕/抓住/证明的是______。,伙伴只问“你发现了什么？”，不急着给答案。,把自己的发现带进一个具体关系。,从个人成长进入生命传递,A,待编写
W39D03,3,39,III 进入生活,LQ08,LQ01,生命成为榜样,怎样成为别人可以学习的门徒？,知道很多内容，却很少有人能从生活中看见如何跟随基督。,林前11：1,腓4：9,路9：23,约13,生活化→示范→传递,不是先成为完美的人，而是成为一个真实跟随基督、别人可以学习的人。,回经文,回到林前11：1：不要只问“这段经文说了什么”，也问“它正在重新怎样解释我的生活？”,这段经文有没有一句话，正在挑战我对“怎样成为别人可以学习的门徒？”的原有理解？,经文今天对我更像：①有距离 ②击中一点 ③需要回应,用林前11：1安静5分钟，记下一句最需要带进生活的话。,小组分享一句经文如何进入自己的生活。,让经文从理解变成生活选择。,从个人成长进入生命传递,A,待编写
W39D04,4,39,III 进入生活,LQ08,LQ01,生命成为榜样,怎样成为别人可以学习的门徒？,知道很多内容，却很少有人能从生活中看见如何跟随基督。,路9：23,腓4：9,路9：23,约13,生活化→示范→传递,不是先成为完美的人，而是成为一个真实跟随基督、别人可以学习的人。,对照,把自己的旧习惯与新约的方向放在一起看：真正的门徒训练不是知道更多，而是让基督的生命逐渐成为别人能够看见和学习的生活方式。,我现在的做法，与今天看见的福音方向差在哪里？,我目前更像：①仍按旧标准生活 ②开始调整 ③已经在实践,做一个小调整，方向是：不是先成为完美的人，而是成为一个真实跟随基督、别人可以学习的人。,伙伴帮助辨认差距，不评判属灵程度。,让生命方向影响家庭、工作或群体。,从个人成长进入生命传递,A,待编写
W39D05,5,39,III 进入生活,LQ08,LQ01,生命成为榜样,怎样成为别人可以学习的门徒？,知道很多内容，却很少有人能从生活中看见如何跟随基督。,约13,腓4：9,路9：23,约13,生活化→示范→传递,不是先成为完美的人，而是成为一个真实跟随基督、别人可以学习的人。,行动,把今天的回应缩小成一个可执行动作：本周让一个人看见你如何处理一次选择、冲突或责任。,今天我能做哪一个小而真实的改变？,今天的行动更像：①还没做 ②做了一点 ③认真完成了,今天完成一个“小步行动”：本周让一个人看见你如何处理一次选择、冲突或责任。,伙伴只追踪一个具体行动有没有发生。,一个小行动，就是生命果子的起点。,从个人成长进入生命传递,A,待编写
W39D06,6,39,III 进入生活,LQ08,LQ01,生命成为榜样,怎样成为别人可以学习的门徒？,知道很多内容，却很少有人能从生活中看见如何跟随基督。,腓4：9,腓4：9,路9：23,约13,生活化→示范→传递,不是先成为完美的人，而是成为一个真实跟随基督、别人可以学习的人。,关系与传递,把生命放进关系里：今天谁会因为我的选择而受益、受伤或得到安慰？,我的选择会怎样影响身边一个具体的人？,在关系里我更像：①只顾自己 ②开始留意别人 ③主动做了一件事,把今天的行动带进一个真实关系；伙伴反馈“看见了什么”，不评价属灵程度。,别人从我的生命最容易学到什么？,为下一阶段门徒与祝福铺路,从个人成长进入生命传递,A,待编写
W39D07,7,39,III 进入生活,LQ08,LQ01,生命成为榜样,怎样成为别人可以学习的门徒？,知道很多内容，却很少有人能从生活中看见如何跟随基督。,林前11：1,腓4：9,路9：23,约13,生活化→示范→传递,不是先成为完美的人，而是成为一个真实跟随基督、别人可以学习的人。,回顾,回顾这一周：我有没有从这个生命问题走出一点新的方向？下一步只保留一个继续操练的重点。,这周什么真的改变了一点？什么仍需要继续？,这一周我更像：①没有变化 ②有一个小变化 ③准备继续,写下“一个改变、一个未完成、一个下一步”。,伙伴反馈“看见了什么”，不评价属灵程度。,把这一周的学习带进下一周，而不是停在课程结束。,从个人成长进入生命传递,A,待编写
W40D01,1,40,IV 结出果子,LQ08,LQ07,结果子的生命,我的生命正在结什么果子？,容易用活动量、知识量、忙碌程度代替生命果子。,约15：1-8,加5：22-23,路6：43-45,约15：1-8,检视→住在→结果,真正的果子不是靠自己制造，而是从住在基督里产生。,看见,先看见自己正在经历的“我的生命正在结什么果子？”，不用急着改变，先辨认它在生活中什么时候出现。,今天什么时候最容易出现这个问题：“我的生命正在结什么果子？”？,我今天更像：①没有留意 ②已经看见 ③正在面对,记录一次真实场景，只写“发生了什么”，不急着评价自己。,可以只分享一个真实场景，不解释、不辩护。,先让福音进入自己的真实生活。,从活动成果转向生命果子,A,待编写
W40D02,2,40,IV 结出果子,LQ08,LQ07,结果子的生命,我的生命正在结什么果子？,容易用活动量、知识量、忙碌程度代替生命果子。,加5：22-23,加5：22-23,路6：43-45,约15：1-8,检视→住在→结果,真正的果子不是靠自己制造，而是从住在基督里产生。,挖根,今天往里走一步：当“我的生命正在结什么果子？”出现时，我最怕失去、最想抓住或最想证明的是什么？,如果暂时不急着解决，我真正担心的是什么？,我目前更像：①被反应推着走 ②开始辨认根源 ③愿意停下来,为今天发现的根源写下一句话：我真正害怕/抓住/证明的是______。,伙伴只问“你发现了什么？”，不急着给答案。,把自己的发现带进一个具体关系。,从活动成果转向生命果子,A,待编写
W40D03,3,40,IV 结出果子,LQ08,LQ07,结果子的生命,我的生命正在结什么果子？,容易用活动量、知识量、忙碌程度代替生命果子。,约15：1-8,加5：22-23,路6：43-45,约15：1-8,检视→住在→结果,真正的果子不是靠自己制造，而是从住在基督里产生。,回经文,回到约15：1-8：不要只问“这段经文说了什么”，也问“它正在重新怎样解释我的生活？”,这段经文有没有一句话，正在挑战我对“我的生命正在结什么果子？”的原有理解？,经文今天对我更像：①有距离 ②击中一点 ③需要回应,用约15：1-8安静5分钟，记下一句最需要带进生活的话。,小组分享一句经文如何进入自己的生活。,让经文从理解变成生活选择。,从活动成果转向生命果子,A,待编写
W40D04,4,40,IV 结出果子,LQ08,LQ07,结果子的生命,我的生命正在结什么果子？,容易用活动量、知识量、忙碌程度代替生命果子。,路6：43-45,加5：22-23,路6：43-45,约15：1-8,检视→住在→结果,真正的果子不是靠自己制造，而是从住在基督里产生。,对照,把自己的旧习惯与新约的方向放在一起看：真正的果子不是靠自我制造，而是从住在基督里产生，并在生活中变得可见。,我现在的做法，与今天看见的福音方向差在哪里？,我目前更像：①仍按旧标准生活 ②开始调整 ③已经在实践,做一个小调整，方向是：真正的果子不是靠自己制造，而是从住在基督里产生。,伙伴帮助辨认差距，不评判属灵程度。,让生命方向影响家庭、工作或群体。,从活动成果转向生命果子,A,待编写
W40D05,5,40,IV 结出果子,LQ08,LQ07,结果子的生命,我的生命正在结什么果子？,容易用活动量、知识量、忙碌程度代替生命果子。,约15：1-8,加5：22-23,路6：43-45,约15：1-8,检视→住在→结果,真正的果子不是靠自己制造，而是从住在基督里产生。,行动,把今天的回应缩小成一个可执行动作：本周在一个最容易失控的场景刻意练习一个果子。,今天我能做哪一个小而真实的改变？,今天的行动更像：①还没做 ②做了一点 ③认真完成了,今天完成一个“小步行动”：本周在一个最容易失控的场景刻意练习一个果子。,伙伴只追踪一个具体行动有没有发生。,一个小行动，就是生命果子的起点。,从活动成果转向生命果子,A,待编写
W40D06,6,40,IV 结出果子,LQ08,LQ07,结果子的生命,我的生命正在结什么果子？,容易用活动量、知识量、忙碌程度代替生命果子。,加5：22-23,加5：22-23,路6：43-45,约15：1-8,检视→住在→结果,真正的果子不是靠自己制造，而是从住在基督里产生。,关系与传递,把生命放进关系里：今天谁会因为我的选择而受益、受伤或得到安慰？,我的选择会怎样影响身边一个具体的人？,在关系里我更像：①只顾自己 ②开始留意别人 ③主动做了一件事,把今天的行动带进一个真实关系；伙伴只反馈具体行为变化。,我的生活最明显结出什么果子？什么地方仍然需要基督？,让成熟成为别人可以受益的生命,从活动成果转向生命果子,A,待编写
W40D07,7,40,IV 结出果子,LQ08,LQ07,结果子的生命,我的生命正在结什么果子？,容易用活动量、知识量、忙碌程度代替生命果子。,约15：1-8,加5：22-23,路6：43-45,约15：1-8,检视→住在→结果,真正的果子不是靠自己制造，而是从住在基督里产生。,回顾,回顾这一周：我有没有从这个生命问题走出一点新的方向？下一步只保留一个继续操练的重点。,这周什么真的改变了一点？什么仍需要继续？,这一周我更像：①没有变化 ②有一个小变化 ③准备继续,写下“一个改变、一个未完成、一个下一步”。,伙伴只反馈具体行为变化。,把这一周的学习带进下一周，而不是停在课程结束。,从活动成果转向生命果子,A,待编写
W41D01,1,41,IV 结出果子,LQ07,LQ04,成长需要时间,为什么生命成长需要时间？,看不到明显变化就灰心，或把一次进步当成已经成熟。,腓1：6,林后3：18,路9：18-27,约15：1-5,承认过程→坚持→盼望,还没有完成，不等于没有成长。,看见,先看见自己正在经历的“为什么生命成长需要时间？”，不用急着改变，先辨认它在生活中什么时候出现。,今天什么时候最容易出现这个问题：“为什么生命成长需要时间？”？,我今天更像：①没有留意 ②已经看见 ③正在面对,记录一次真实场景，只写“发生了什么”，不急着评价自己。,可以只分享一个真实场景，不解释、不辩护。,先让福音进入自己的真实生活。,从速成期待转向持续成长,A,待编写
W41D02,2,41,IV 结出果子,LQ07,LQ04,成长需要时间,为什么生命成长需要时间？,看不到明显变化就灰心，或把一次进步当成已经成熟。,林后3：18,林后3：18,路9：18-27,约15：1-5,承认过程→坚持→盼望,还没有完成，不等于没有成长。,挖根,今天往里走一步：当“为什么生命成长需要时间？”出现时，我最怕失去、最想抓住或最想证明的是什么？,如果暂时不急着解决，我真正担心的是什么？,我目前更像：①被反应推着走 ②开始辨认根源 ③愿意停下来,为今天发现的根源写下一句话：我真正害怕/抓住/证明的是______。,伙伴只问“你发现了什么？”，不急着给答案。,把自己的发现带进一个具体关系。,从速成期待转向持续成长,A,待编写
W41D03,3,41,IV 结出果子,LQ07,LQ04,成长需要时间,为什么生命成长需要时间？,看不到明显变化就灰心，或把一次进步当成已经成熟。,腓1：6,林后3：18,路9：18-27,约15：1-5,承认过程→坚持→盼望,还没有完成，不等于没有成长。,回经文,回到腓1：6：不要只问“这段经文说了什么”，也问“它正在重新怎样解释我的生活？”,这段经文有没有一句话，正在挑战我对“为什么生命成长需要时间？”的原有理解？,经文今天对我更像：①有距离 ②击中一点 ③需要回应,用腓1：6安静5分钟，记下一句最需要带进生活的话。,小组分享一句经文如何进入自己的生活。,让经文从理解变成生活选择。,从速成期待转向持续成长,A,待编写
W41D04,4,41,IV 结出果子,LQ07,LQ04,成长需要时间,为什么生命成长需要时间？,看不到明显变化就灰心，或把一次进步当成已经成熟。,路9：18-27,林后3：18,路9：18-27,约15：1-5,承认过程→坚持→盼望,还没有完成，不等于没有成长。,对照,把自己的旧习惯与新约的方向放在一起看：生命成长是持续过程，不因“尚未完成”就否定神正在做的工作。,我现在的做法，与今天看见的福音方向差在哪里？,我目前更像：①仍按旧标准生活 ②开始调整 ③已经在实践,做一个小调整，方向是：还没有完成，不等于没有成长。,伙伴帮助辨认差距，不评判属灵程度。,让生命方向影响家庭、工作或群体。,从速成期待转向持续成长,A,待编写
W41D05,5,41,IV 结出果子,LQ07,LQ04,成长需要时间,为什么生命成长需要时间？,看不到明显变化就灰心，或把一次进步当成已经成熟。,约15：1-5,林后3：18,路9：18-27,约15：1-5,承认过程→坚持→盼望,还没有完成，不等于没有成长。,行动,把今天的回应缩小成一个可执行动作：允许一个长期操练继续30天，不因一次失败取消。,今天我能做哪一个小而真实的改变？,今天的行动更像：①还没做 ②做了一点 ③认真完成了,今天完成一个“小步行动”：允许一个长期操练继续30天，不因一次失败取消。,伙伴只追踪一个具体行动有没有发生。,一个小行动，就是生命果子的起点。,从速成期待转向持续成长,A,待编写
W41D06,6,41,IV 结出果子,LQ07,LQ04,成长需要时间,为什么生命成长需要时间？,看不到明显变化就灰心，或把一次进步当成已经成熟。,林后3：18,林后3：18,路9：18-27,约15：1-5,承认过程→坚持→盼望,还没有完成，不等于没有成长。,关系与传递,把生命放进关系里：今天谁会因为我的选择而受益、受伤或得到安慰？,我的选择会怎样影响身边一个具体的人？,在关系里我更像：①只顾自己 ②开始留意别人 ③主动做了一件事,把今天的行动带进一个真实关系；伙伴帮忙指出可见的小变化。,我是否只看见没做到的，却没看见已经开始的？,学习鼓励别人坚持小步前行,从速成期待转向持续成长,A,待编写
W41D07,7,41,IV 结出果子,LQ07,LQ04,成长需要时间,为什么生命成长需要时间？,看不到明显变化就灰心，或把一次进步当成已经成熟。,腓1：6,林后3：18,路9：18-27,约15：1-5,承认过程→坚持→盼望,还没有完成，不等于没有成长。,回顾,回顾这一周：我有没有从这个生命问题走出一点新的方向？下一步只保留一个继续操练的重点。,这周什么真的改变了一点？什么仍需要继续？,这一周我更像：①没有变化 ②有一个小变化 ③准备继续,写下“一个改变、一个未完成、一个下一步”。,伙伴帮忙指出可见的小变化。,把这一周的学习带进下一周，而不是停在课程结束。,从速成期待转向持续成长,A,待编写
W42D01,1,42,IV 结出果子,LQ08,LQ02,成为祝福,我可以成为谁的祝福？,受过帮助，却很少想过自己也能成为别人的安慰和支持。,林后1：3-4,神安慰我们，使我们能安慰别人,路7：11-17,约15：12-13,领受→转化→给予,你曾领受的安慰，也可以成为别人今天需要的安慰。,看见,先看见自己正在经历的“我可以成为谁的祝福？”，不用急着改变，先辨认它在生活中什么时候出现。,今天什么时候最容易出现这个问题：“我可以成为谁的祝福？”？,我今天更像：①没有留意 ②已经看见 ③正在面对,记录一次真实场景，只写“发生了什么”，不急着评价自己。,可以只分享一个真实场景，不解释、不辩护。,先让福音进入自己的真实生活。,从受恩典者转向安慰者,A,待编写
W42D02,2,42,IV 结出果子,LQ08,LQ02,成为祝福,我可以成为谁的祝福？,受过帮助，却很少想过自己也能成为别人的安慰和支持。,神安慰我们，使我们能安慰别人,神安慰我们，使我们能安慰别人,路7：11-17,约15：12-13,领受→转化→给予,你曾领受的安慰，也可以成为别人今天需要的安慰。,挖根,今天往里走一步：当“我可以成为谁的祝福？”出现时，我最怕失去、最想抓住或最想证明的是什么？,如果暂时不急着解决，我真正担心的是什么？,我目前更像：①被反应推着走 ②开始辨认根源 ③愿意停下来,为今天发现的根源写下一句话：我真正害怕/抓住/证明的是______。,伙伴只问“你发现了什么？”，不急着给答案。,把自己的发现带进一个具体关系。,从受恩典者转向安慰者,A,待编写
W42D03,3,42,IV 结出果子,LQ08,LQ02,成为祝福,我可以成为谁的祝福？,受过帮助，却很少想过自己也能成为别人的安慰和支持。,林后1：3-4,神安慰我们，使我们能安慰别人,路7：11-17,约15：12-13,领受→转化→给予,你曾领受的安慰，也可以成为别人今天需要的安慰。,回经文,回到林后1：3-4：不要只问“这段经文说了什么”，也问“它正在重新怎样解释我的生活？”,这段经文有没有一句话，正在挑战我对“我可以成为谁的祝福？”的原有理解？,经文今天对我更像：①有距离 ②击中一点 ③需要回应,用林后1：3-4安静5分钟，记下一句最需要带进生活的话。,小组分享一句经文如何进入自己的生活。,让经文从理解变成生活选择。,从受恩典者转向安慰者,A,待编写
W42D04,4,42,IV 结出果子,LQ08,LQ02,成为祝福,我可以成为谁的祝福？,受过帮助，却很少想过自己也能成为别人的安慰和支持。,路7：11-17,神安慰我们，使我们能安慰别人,路7：11-17,约15：12-13,领受→转化→给予,你曾领受的安慰，也可以成为别人今天需要的安慰。,对照,把自己的旧习惯与新约的方向放在一起看：神在人的经历中所赐的安慰和恩典，可以成为安慰别人的资源。,我现在的做法，与今天看见的福音方向差在哪里？,我目前更像：①仍按旧标准生活 ②开始调整 ③已经在实践,做一个小调整，方向是：你曾领受的安慰，也可以成为别人今天需要的安慰。,伙伴帮助辨认差距，不评判属灵程度。,让生命方向影响家庭、工作或群体。,从受恩典者转向安慰者,A,待编写
W42D05,5,42,IV 结出果子,LQ08,LQ02,成为祝福,我可以成为谁的祝福？,受过帮助，却很少想过自己也能成为别人的安慰和支持。,约15：12-13,神安慰我们，使我们能安慰别人,路7：11-17,约15：12-13,领受→转化→给予,你曾领受的安慰，也可以成为别人今天需要的安慰。,行动,把今天的回应缩小成一个可执行动作：主动陪伴一个需要帮助的人一次。,今天我能做哪一个小而真实的改变？,今天的行动更像：①还没做 ②做了一点 ③认真完成了,今天完成一个“小步行动”：主动陪伴一个需要帮助的人一次。,伙伴只追踪一个具体行动有没有发生。,一个小行动，就是生命果子的起点。,从受恩典者转向安慰者,A,待编写
W42D06,6,42,IV 结出果子,LQ08,LQ02,成为祝福,我可以成为谁的祝福？,受过帮助，却很少想过自己也能成为别人的安慰和支持。,神安慰我们，使我们能安慰别人,神安慰我们，使我们能安慰别人,路7：11-17,约15：12-13,领受→转化→给予,你曾领受的安慰，也可以成为别人今天需要的安慰。,关系与传递,把生命放进关系里：今天谁会因为我的选择而受益、受伤或得到安慰？,我的选择会怎样影响身边一个具体的人？,在关系里我更像：①只顾自己 ②开始留意别人 ③主动做了一件事,把今天的行动带进一个真实关系；伙伴分享一次安慰经验。,哪些经历让别人觉得“你真的懂我”？,用经历服事人而非自我中心讲述,从受恩典者转向安慰者,A,待编写
W42D07,7,42,IV 结出果子,LQ08,LQ02,成为祝福,我可以成为谁的祝福？,受过帮助，却很少想过自己也能成为别人的安慰和支持。,林后1：3-4,神安慰我们，使我们能安慰别人,路7：11-17,约15：12-13,领受→转化→给予,你曾领受的安慰，也可以成为别人今天需要的安慰。,回顾,回顾这一周：我有没有从这个生命问题走出一点新的方向？下一步只保留一个继续操练的重点。,这周什么真的改变了一点？什么仍需要继续？,这一周我更像：①没有变化 ②有一个小变化 ③准备继续,写下“一个改变、一个未完成、一个下一步”。,伙伴分享一次安慰经验。,把这一周的学习带进下一周，而不是停在课程结束。,从受恩典者转向安慰者,A,待编写
W43D01,1,43,IV 结出果子,LQ08,LQ01,可学习的生活,别人可以从我的生命学到什么？,家庭、同工、孩子和朋友都在看，却不一定听你讲道。,腓4：9,所学所领受所听所见都要实行,路6：40,约13：12-17,观察→反思→调整,别人从你的生活学到什么，往往比你说什么更深。,看见,先看见自己正在经历的“别人可以从我的生命学到什么？”，不用急着改变，先辨认它在生活中什么时候出现。,今天什么时候最容易出现这个问题：“别人可以从我的生命学到什么？”？,我今天更像：①没有留意 ②已经看见 ③正在面对,记录一次真实场景，只写“发生了什么”，不急着评价自己。,可以只分享一个真实场景，不解释、不辩护。,先让福音进入自己的真实生活。,从有道理转向有榜样,A,待编写
W43D02,2,43,IV 结出果子,LQ08,LQ01,可学习的生活,别人可以从我的生命学到什么？,家庭、同工、孩子和朋友都在看，却不一定听你讲道。,所学所领受所听所见都要实行,所学所领受所听所见都要实行,路6：40,约13：12-17,观察→反思→调整,别人从你的生活学到什么，往往比你说什么更深。,挖根,今天往里走一步：当“别人可以从我的生命学到什么？”出现时，我最怕失去、最想抓住或最想证明的是什么？,如果暂时不急着解决，我真正担心的是什么？,我目前更像：①被反应推着走 ②开始辨认根源 ③愿意停下来,为今天发现的根源写下一句话：我真正害怕/抓住/证明的是______。,伙伴只问“你发现了什么？”，不急着给答案。,把自己的发现带进一个具体关系。,从有道理转向有榜样,A,待编写
W43D03,3,43,IV 结出果子,LQ08,LQ01,可学习的生活,别人可以从我的生命学到什么？,家庭、同工、孩子和朋友都在看，却不一定听你讲道。,腓4：9,所学所领受所听所见都要实行,路6：40,约13：12-17,观察→反思→调整,别人从你的生活学到什么，往往比你说什么更深。,回经文,回到腓4：9：不要只问“这段经文说了什么”，也问“它正在重新怎样解释我的生活？”,这段经文有没有一句话，正在挑战我对“别人可以从我的生命学到什么？”的原有理解？,经文今天对我更像：①有距离 ②击中一点 ③需要回应,用腓4：9安静5分钟，记下一句最需要带进生活的话。,小组分享一句经文如何进入自己的生活。,让经文从理解变成生活选择。,从有道理转向有榜样,A,待编写
W43D04,4,43,IV 结出果子,LQ08,LQ01,可学习的生活,别人可以从我的生命学到什么？,家庭、同工、孩子和朋友都在看，却不一定听你讲道。,路6：40,所学所领受所听所见都要实行,路6：40,约13：12-17,观察→反思→调整,别人从你的生活学到什么，往往比你说什么更深。,对照,把自己的旧习惯与新约的方向放在一起看：别人不只听你说什么，也会从你的日常选择学习怎样跟随基督。,我现在的做法，与今天看见的福音方向差在哪里？,我目前更像：①仍按旧标准生活 ②开始调整 ③已经在实践,做一个小调整，方向是：别人从你的生活学到什么，往往比你说什么更深。,伙伴帮助辨认差距，不评判属灵程度。,让生命方向影响家庭、工作或群体。,从有道理转向有榜样,A,待编写
W43D05,5,43,IV 结出果子,LQ08,LQ01,可学习的生活,别人可以从我的生命学到什么？,家庭、同工、孩子和朋友都在看，却不一定听你讲道。,约13：12-17,所学所领受所听所见都要实行,路6：40,约13：12-17,观察→反思→调整,别人从你的生活学到什么，往往比你说什么更深。,行动,把今天的回应缩小成一个可执行动作：选择一个会影响别人的习惯，刻意调整一周。,今天我能做哪一个小而真实的改变？,今天的行动更像：①还没做 ②做了一点 ③认真完成了,今天完成一个“小步行动”：选择一个会影响别人的习惯，刻意调整一周。,伙伴只追踪一个具体行动有没有发生。,一个小行动，就是生命果子的起点。,从有道理转向有榜样,A,待编写
W43D06,6,43,IV 结出果子,LQ08,LQ01,可学习的生活,别人可以从我的生命学到什么？,家庭、同工、孩子和朋友都在看，却不一定听你讲道。,所学所领受所听所见都要实行,所学所领受所听所见都要实行,路6：40,约13：12-17,观察→反思→调整,别人从你的生活学到什么，往往比你说什么更深。,关系与传递,把生命放进关系里：今天谁会因为我的选择而受益、受伤或得到安慰？,我的选择会怎样影响身边一个具体的人？,在关系里我更像：①只顾自己 ②开始留意别人 ③主动做了一件事,把今天的行动带进一个真实关系；伙伴只给一个具体观察。,如果别人照着我现在的生活学，他们会学到什么？,让影响力成为门训资源,从有道理转向有榜样,A,待编写
W43D07,7,43,IV 结出果子,LQ08,LQ01,可学习的生活,别人可以从我的生命学到什么？,家庭、同工、孩子和朋友都在看，却不一定听你讲道。,腓4：9,所学所领受所听所见都要实行,路6：40,约13：12-17,观察→反思→调整,别人从你的生活学到什么，往往比你说什么更深。,回顾,回顾这一周：我有没有从这个生命问题走出一点新的方向？下一步只保留一个继续操练的重点。,这周什么真的改变了一点？什么仍需要继续？,这一周我更像：①没有变化 ②有一个小变化 ③准备继续,写下“一个改变、一个未完成、一个下一步”。,伙伴只给一个具体观察。,把这一周的学习带进下一周，而不是停在课程结束。,从有道理转向有榜样,A,待编写
W44D01,1,44,IV 结出果子,LQ08,—,从领受走向传递,怎样把自己领受的传给别人？,自己被帮助过，却没有形成稳定的传递习惯。,路6：40,约13：15,路9：1-6,约15：12-17,领受→示范→陪伴→传递,真正的生命传递，从自己先成为一个正在跟随基督的人开始。,看见,先看见自己正在经历的“怎样把自己领受的传给别人？”，不用急着改变，先辨认它在生活中什么时候出现。,今天什么时候最容易出现这个问题：“怎样把自己领受的传给别人？”？,我今天更像：①没有留意 ②已经看见 ③正在面对,记录一次真实场景，只写“发生了什么”，不急着评价自己。,可以只分享一个真实场景，不解释、不辩护。,先让福音进入自己的真实生活。,从接受门训进入传递门训,B,待编写
W44D02,2,44,IV 结出果子,LQ08,—,从领受走向传递,怎样把自己领受的传给别人？,自己被帮助过，却没有形成稳定的传递习惯。,约13：15,约13：15,路9：1-6,约15：12-17,领受→示范→陪伴→传递,真正的生命传递，从自己先成为一个正在跟随基督的人开始。,挖根,今天往里走一步：当“怎样把自己领受的传给别人？”出现时，我最怕失去、最想抓住或最想证明的是什么？,如果暂时不急着解决，我真正担心的是什么？,我目前更像：①被反应推着走 ②开始辨认根源 ③愿意停下来,为今天发现的根源写下一句话：我真正害怕/抓住/证明的是______。,伙伴只问“你发现了什么？”，不急着给答案。,把自己的发现带进一个具体关系。,从接受门训进入传递门训,B,待编写
W44D03,3,44,IV 结出果子,LQ08,—,从领受走向传递,怎样把自己领受的传给别人？,自己被帮助过，却没有形成稳定的传递习惯。,路6：40,约13：15,路9：1-6,约15：12-17,领受→示范→陪伴→传递,真正的生命传递，从自己先成为一个正在跟随基督的人开始。,回经文,回到路6：40：不要只问“这段经文说了什么”，也问“它正在重新怎样解释我的生活？”,这段经文有没有一句话，正在挑战我对“怎样把自己领受的传给别人？”的原有理解？,经文今天对我更像：①有距离 ②击中一点 ③需要回应,用路6：40安静5分钟，记下一句最需要带进生活的话。,小组分享一句经文如何进入自己的生活。,让经文从理解变成生活选择。,从接受门训进入传递门训,B,待编写
W44D04,4,44,IV 结出果子,LQ08,—,从领受走向传递,怎样把自己领受的传给别人？,自己被帮助过，却没有形成稳定的传递习惯。,路9：1-6,约13：15,路9：1-6,约15：12-17,领受→示范→陪伴→传递,真正的生命传递，从自己先成为一个正在跟随基督的人开始。,对照,把自己的旧习惯与新约的方向放在一起看：生命传递不是复制答案，而是帮助另一个人学习跟随基督。,我现在的做法，与今天看见的福音方向差在哪里？,我目前更像：①仍按旧标准生活 ②开始调整 ③已经在实践,做一个小调整，方向是：真正的生命传递，从自己先成为一个正在跟随基督的人开始。,伙伴帮助辨认差距，不评判属灵程度。,让生命方向影响家庭、工作或群体。,从接受门训进入传递门训,B,待编写
W44D05,5,44,IV 结出果子,LQ08,—,从领受走向传递,怎样把自己领受的传给别人？,自己被帮助过，却没有形成稳定的传递习惯。,约15：12-17,约13：15,路9：1-6,约15：12-17,领受→示范→陪伴→传递,真正的生命传递，从自己先成为一个正在跟随基督的人开始。,行动,把今天的回应缩小成一个可执行动作：本周完成一次共同实践，而不是单向讲解。,今天我能做哪一个小而真实的改变？,今天的行动更像：①还没做 ②做了一点 ③认真完成了,今天完成一个“小步行动”：本周完成一次共同实践，而不是单向讲解。,伙伴只追踪一个具体行动有没有发生。,一个小行动，就是生命果子的起点。,从接受门训进入传递门训,B,待编写
W44D06,6,44,IV 结出果子,LQ08,—,从领受走向传递,怎样把自己领受的传给别人？,自己被帮助过，却没有形成稳定的传递习惯。,约13：15,约13：15,路9：1-6,约15：12-17,领受→示范→陪伴→传递,真正的生命传递，从自己先成为一个正在跟随基督的人开始。,关系与传递,把生命放进关系里：今天谁会因为我的选择而受益、受伤或得到安慰？,我的选择会怎样影响身边一个具体的人？,在关系里我更像：①只顾自己 ②开始留意别人 ③主动做了一件事,把今天的行动带进一个真实关系；伙伴观察陪伴是否具体。,我最想传给别人的是知识、经验，还是一种生活方式？,形成1对1或小型陪伴关系,从接受门训进入传递门训,B,待编写
W44D07,7,44,IV 结出果子,LQ08,—,从领受走向传递,怎样把自己领受的传给别人？,自己被帮助过，却没有形成稳定的传递习惯。,路6：40,约13：15,路9：1-6,约15：12-17,领受→示范→陪伴→传递,真正的生命传递，从自己先成为一个正在跟随基督的人开始。,回顾,回顾这一周：我有没有从这个生命问题走出一点新的方向？下一步只保留一个继续操练的重点。,这周什么真的改变了一点？什么仍需要继续？,这一周我更像：①没有变化 ②有一个小变化 ③准备继续,写下“一个改变、一个未完成、一个下一步”。,伙伴观察陪伴是否具体。,把这一周的学习带进下一周，而不是停在课程结束。,从接受门训进入传递门训,B,待编写
W45D01,1,45,IV 结出果子,LQ08,LQ06,陪伴一个人,我怎样帮助另一个人跟随基督？,想帮助人，却容易变成教训、控制或替对方做决定。,约21：15-17,林前12：7,路9：1-6,约21：15-17,关系→提问→陪伴→交托,帮助别人跟随，不等于替别人活。,看见,先看见自己正在经历的“我怎样帮助另一个人跟随基督？”，不用急着改变，先辨认它在生活中什么时候出现。,今天什么时候最容易出现这个问题：“我怎样帮助另一个人跟随基督？”？,我今天更像：①没有留意 ②已经看见 ③正在面对,记录一次真实场景，只写“发生了什么”，不急着评价自己。,可以只分享一个真实场景，不解释、不辩护。,先让福音进入自己的真实生活。,从教导别人转向成全别人,A,待编写
W45D02,2,45,IV 结出果子,LQ08,LQ06,陪伴一个人,我怎样帮助另一个人跟随基督？,想帮助人，却容易变成教训、控制或替对方做决定。,林前12：7,林前12：7,路9：1-6,约21：15-17,关系→提问→陪伴→交托,帮助别人跟随，不等于替别人活。,挖根,今天往里走一步：当“我怎样帮助另一个人跟随基督？”出现时，我最怕失去、最想抓住或最想证明的是什么？,如果暂时不急着解决，我真正担心的是什么？,我目前更像：①被反应推着走 ②开始辨认根源 ③愿意停下来,为今天发现的根源写下一句话：我真正害怕/抓住/证明的是______。,伙伴只问“你发现了什么？”，不急着给答案。,把自己的发现带进一个具体关系。,从教导别人转向成全别人,A,待编写
W45D03,3,45,IV 结出果子,LQ08,LQ06,陪伴一个人,我怎样帮助另一个人跟随基督？,想帮助人，却容易变成教训、控制或替对方做决定。,约21：15-17,林前12：7,路9：1-6,约21：15-17,关系→提问→陪伴→交托,帮助别人跟随，不等于替别人活。,回经文,回到约21：15-17：不要只问“这段经文说了什么”，也问“它正在重新怎样解释我的生活？”,这段经文有没有一句话，正在挑战我对“我怎样帮助另一个人跟随基督？”的原有理解？,经文今天对我更像：①有距离 ②击中一点 ③需要回应,用约21：15-17安静5分钟，记下一句最需要带进生活的话。,小组分享一句经文如何进入自己的生活。,让经文从理解变成生活选择。,从教导别人转向成全别人,A,待编写
W45D04,4,45,IV 结出果子,LQ08,LQ06,陪伴一个人,我怎样帮助另一个人跟随基督？,想帮助人，却容易变成教训、控制或替对方做决定。,路9：1-6,林前12：7,路9：1-6,约21：15-17,关系→提问→陪伴→交托,帮助别人跟随，不等于替别人活。,对照,把自己的旧习惯与新约的方向放在一起看：跟随基督的人，也学习照顾和成全另一个生命，而不是控制他的成长。,我现在的做法，与今天看见的福音方向差在哪里？,我目前更像：①仍按旧标准生活 ②开始调整 ③已经在实践,做一个小调整，方向是：帮助别人跟随，不等于替别人活。,伙伴帮助辨认差距，不评判属灵程度。,让生命方向影响家庭、工作或群体。,从教导别人转向成全别人,A,待编写
W45D05,5,45,IV 结出果子,LQ08,LQ06,陪伴一个人,我怎样帮助另一个人跟随基督？,想帮助人，却容易变成教训、控制或替对方做决定。,约21：15-17,林前12：7,路9：1-6,约21：15-17,关系→提问→陪伴→交托,帮助别人跟随，不等于替别人活。,行动,把今天的回应缩小成一个可执行动作：约一次，陪对方做一个实际生命操练。,今天我能做哪一个小而真实的改变？,今天的行动更像：①还没做 ②做了一点 ③认真完成了,今天完成一个“小步行动”：约一次，陪对方做一个实际生命操练。,伙伴只追踪一个具体行动有没有发生。,一个小行动，就是生命果子的起点。,从教导别人转向成全别人,A,待编写
W45D06,6,45,IV 结出果子,LQ08,LQ06,陪伴一个人,我怎样帮助另一个人跟随基督？,想帮助人，却容易变成教训、控制或替对方做决定。,林前12：7,林前12：7,路9：1-6,约21：15-17,关系→提问→陪伴→交托,帮助别人跟随，不等于替别人活。,关系与传递,把生命放进关系里：今天谁会因为我的选择而受益、受伤或得到安慰？,我的选择会怎样影响身边一个具体的人？,在关系里我更像：①只顾自己 ②开始留意别人 ③主动做了一件事,把今天的行动带进一个真实关系；伙伴反馈陪伴是否留有自主空间。,我是在帮助他成长，还是在让他按我的方式成长？,建立可持续门徒关系,从教导别人转向成全别人,A,待编写
W45D07,7,45,IV 结出果子,LQ08,LQ06,陪伴一个人,我怎样帮助另一个人跟随基督？,想帮助人，却容易变成教训、控制或替对方做决定。,约21：15-17,林前12：7,路9：1-6,约21：15-17,关系→提问→陪伴→交托,帮助别人跟随，不等于替别人活。,回顾,回顾这一周：我有没有从这个生命问题走出一点新的方向？下一步只保留一个继续操练的重点。,这周什么真的改变了一点？什么仍需要继续？,这一周我更像：①没有变化 ②有一个小变化 ③准备继续,写下“一个改变、一个未完成、一个下一步”。,伙伴反馈陪伴是否留有自主空间。,把这一周的学习带进下一周，而不是停在课程结束。,从教导别人转向成全别人,A,待编写
W46D01,1,46,IV 结出果子,LQ07,LQ08,痛苦成为安慰,我的失败还能成为别人的帮助吗？,曾经受过苦，却常觉得这些经历只能留下伤口。,林后1：3-7,林后4：7-18,路22：31-32,约16：33,回顾→转化→陪伴,你的患难不必成为白受，也可以在神手中成为安慰别人的力量。,看见,先看见自己正在经历的“我的失败还能成为别人的帮助吗？”，不用急着改变，先辨认它在生活中什么时候出现。,今天什么时候最容易出现这个问题：“我的失败还能成为别人的帮助吗？”？,我今天更像：①没有留意 ②已经看见 ③正在面对,记录一次真实场景，只写“发生了什么”，不急着评价自己。,可以只分享一个真实场景，不解释、不辩护。,先让福音进入自己的真实生活。,从痛苦孤立转向有边界的安慰,A,待编写
W46D02,2,46,IV 结出果子,LQ07,LQ08,痛苦成为安慰,我的失败还能成为别人的帮助吗？,曾经受过苦，却常觉得这些经历只能留下伤口。,林后4：7-18,林后4：7-18,路22：31-32,约16：33,回顾→转化→陪伴,你的患难不必成为白受，也可以在神手中成为安慰别人的力量。,挖根,今天往里走一步：当“我的失败还能成为别人的帮助吗？”出现时，我最怕失去、最想抓住或最想证明的是什么？,如果暂时不急着解决，我真正担心的是什么？,我目前更像：①被反应推着走 ②开始辨认根源 ③愿意停下来,为今天发现的根源写下一句话：我真正害怕/抓住/证明的是______。,伙伴只问“你发现了什么？”，不急着给答案。,把自己的发现带进一个具体关系。,从痛苦孤立转向有边界的安慰,A,待编写
W46D03,3,46,IV 结出果子,LQ07,LQ08,痛苦成为安慰,我的失败还能成为别人的帮助吗？,曾经受过苦，却常觉得这些经历只能留下伤口。,林后1：3-7,林后4：7-18,路22：31-32,约16：33,回顾→转化→陪伴,你的患难不必成为白受，也可以在神手中成为安慰别人的力量。,回经文,回到林后1：3-7：不要只问“这段经文说了什么”，也问“它正在重新怎样解释我的生活？”,这段经文有没有一句话，正在挑战我对“我的失败还能成为别人的帮助吗？”的原有理解？,经文今天对我更像：①有距离 ②击中一点 ③需要回应,用林后1：3-7安静5分钟，记下一句最需要带进生活的话。,小组分享一句经文如何进入自己的生活。,让经文从理解变成生活选择。,从痛苦孤立转向有边界的安慰,A,待编写
W46D04,4,46,IV 结出果子,LQ07,LQ08,痛苦成为安慰,我的失败还能成为别人的帮助吗？,曾经受过苦，却常觉得这些经历只能留下伤口。,路22：31-32,林后4：7-18,路22：31-32,约16：33,回顾→转化→陪伴,你的患难不必成为白受，也可以在神手中成为安慰别人的力量。,对照,把自己的旧习惯与新约的方向放在一起看：神不美化患难，却能使人在受安慰之后成为别人的安慰者。,我现在的做法，与今天看见的福音方向差在哪里？,我目前更像：①仍按旧标准生活 ②开始调整 ③已经在实践,做一个小调整，方向是：你的患难不必成为白受，也可以在神手中成为安慰别人的力量。,伙伴帮助辨认差距，不评判属灵程度。,让生命方向影响家庭、工作或群体。,从痛苦孤立转向有边界的安慰,A,待编写
W46D05,5,46,IV 结出果子,LQ07,LQ08,痛苦成为安慰,我的失败还能成为别人的帮助吗？,曾经受过苦，却常觉得这些经历只能留下伤口。,约16：33,林后4：7-18,路22：31-32,约16：33,回顾→转化→陪伴,你的患难不必成为白受，也可以在神手中成为安慰别人的力量。,行动,把今天的回应缩小成一个可执行动作：本周陪伴一个正在经历类似困难的人。,今天我能做哪一个小而真实的改变？,今天的行动更像：①还没做 ②做了一点 ③认真完成了,今天完成一个“小步行动”：本周陪伴一个正在经历类似困难的人。,伙伴只追踪一个具体行动有没有发生。,一个小行动，就是生命果子的起点。,从痛苦孤立转向有边界的安慰,A,待编写
W46D06,6,46,IV 结出果子,LQ07,LQ08,痛苦成为安慰,我的失败还能成为别人的帮助吗？,曾经受过苦，却常觉得这些经历只能留下伤口。,林后4：7-18,林后4：7-18,路22：31-32,约16：33,回顾→转化→陪伴,你的患难不必成为白受，也可以在神手中成为安慰别人的力量。,关系与传递,把生命放进关系里：今天谁会因为我的选择而受益、受伤或得到安慰？,我的选择会怎样影响身边一个具体的人？,在关系里我更像：①只顾自己 ②开始留意别人 ③主动做了一件事,把今天的行动带进一个真实关系；伙伴关注安全边界，不逼人分享创伤细节。,这段经历今天还能让我更理解谁？,成为受苦者的陪伴者,从痛苦孤立转向有边界的安慰,A,待编写
W46D07,7,46,IV 结出果子,LQ07,LQ08,痛苦成为安慰,我的失败还能成为别人的帮助吗？,曾经受过苦，却常觉得这些经历只能留下伤口。,林后1：3-7,林后4：7-18,路22：31-32,约16：33,回顾→转化→陪伴,你的患难不必成为白受，也可以在神手中成为安慰别人的力量。,回顾,回顾这一周：我有没有从这个生命问题走出一点新的方向？下一步只保留一个继续操练的重点。,这周什么真的改变了一点？什么仍需要继续？,这一周我更像：①没有变化 ②有一个小变化 ③准备继续,写下“一个改变、一个未完成、一个下一步”。,伙伴关注安全边界，不逼人分享创伤细节。,把这一周的学习带进下一周，而不是停在课程结束。,从痛苦孤立转向有边界的安慰,A,待编写
W47D01,1,47,IV 结出果子,LQ03,LQ04,忠心到底,怎样忠心走完自己的路？,长期成长中最难的是没有掌声、没有即时结果时继续前行。,腓3：12-14,忘记背后、努力面前、向着标竿直跑,路9：23,约15：4-8,坚持→回望→继续,成熟不是已经完全，而是继续向着基督所呼召的方向前进。,看见,先看见自己正在经历的“怎样忠心走完自己的路？”，不用急着改变，先辨认它在生活中什么时候出现。,今天什么时候最容易出现这个问题：“怎样忠心走完自己的路？”？,我今天更像：①没有留意 ②已经看见 ③正在面对,记录一次真实场景，只写“发生了什么”，不急着评价自己。,可以只分享一个真实场景，不解释、不辩护。,先让福音进入自己的真实生活。,从短期热情转向长期忠心,A,待编写
W47D02,2,47,IV 结出果子,LQ03,LQ04,忠心到底,怎样忠心走完自己的路？,长期成长中最难的是没有掌声、没有即时结果时继续前行。,忘记背后、努力面前、向着标竿直跑,忘记背后、努力面前、向着标竿直跑,路9：23,约15：4-8,坚持→回望→继续,成熟不是已经完全，而是继续向着基督所呼召的方向前进。,挖根,今天往里走一步：当“怎样忠心走完自己的路？”出现时，我最怕失去、最想抓住或最想证明的是什么？,如果暂时不急着解决，我真正担心的是什么？,我目前更像：①被反应推着走 ②开始辨认根源 ③愿意停下来,为今天发现的根源写下一句话：我真正害怕/抓住/证明的是______。,伙伴只问“你发现了什么？”，不急着给答案。,把自己的发现带进一个具体关系。,从短期热情转向长期忠心,A,待编写
W47D03,3,47,IV 结出果子,LQ03,LQ04,忠心到底,怎样忠心走完自己的路？,长期成长中最难的是没有掌声、没有即时结果时继续前行。,腓3：12-14,忘记背后、努力面前、向着标竿直跑,路9：23,约15：4-8,坚持→回望→继续,成熟不是已经完全，而是继续向着基督所呼召的方向前进。,回经文,回到腓3：12-14：不要只问“这段经文说了什么”，也问“它正在重新怎样解释我的生活？”,这段经文有没有一句话，正在挑战我对“怎样忠心走完自己的路？”的原有理解？,经文今天对我更像：①有距离 ②击中一点 ③需要回应,用腓3：12-14安静5分钟，记下一句最需要带进生活的话。,小组分享一句经文如何进入自己的生活。,让经文从理解变成生活选择。,从短期热情转向长期忠心,A,待编写
W47D04,4,47,IV 结出果子,LQ03,LQ04,忠心到底,怎样忠心走完自己的路？,长期成长中最难的是没有掌声、没有即时结果时继续前行。,路9：23,忘记背后、努力面前、向着标竿直跑,路9：23,约15：4-8,坚持→回望→继续,成熟不是已经完全，而是继续向着基督所呼召的方向前进。,对照,把自己的旧习惯与新约的方向放在一起看：成熟不是已经完全，而是承认尚未完全，却继续向基督所呼召的方向前进。,我现在的做法，与今天看见的福音方向差在哪里？,我目前更像：①仍按旧标准生活 ②开始调整 ③已经在实践,做一个小调整，方向是：成熟不是已经完全，而是继续向着基督所呼召的方向前进。,伙伴帮助辨认差距，不评判属灵程度。,让生命方向影响家庭、工作或群体。,从短期热情转向长期忠心,A,待编写
W47D05,5,47,IV 结出果子,LQ03,LQ04,忠心到底,怎样忠心走完自己的路？,长期成长中最难的是没有掌声、没有即时结果时继续前行。,约15：4-8,忘记背后、努力面前、向着标竿直跑,路9：23,约15：4-8,坚持→回望→继续,成熟不是已经完全，而是继续向着基督所呼召的方向前进。,行动,把今天的回应缩小成一个可执行动作：本周完成一次“没人看见也要做”的忠心行动。,今天我能做哪一个小而真实的改变？,今天的行动更像：①还没做 ②做了一点 ③认真完成了,今天完成一个“小步行动”：本周完成一次“没人看见也要做”的忠心行动。,伙伴只追踪一个具体行动有没有发生。,一个小行动，就是生命果子的起点。,从短期热情转向长期忠心,A,待编写
W47D06,6,47,IV 结出果子,LQ03,LQ04,忠心到底,怎样忠心走完自己的路？,长期成长中最难的是没有掌声、没有即时结果时继续前行。,忘记背后、努力面前、向着标竿直跑,忘记背后、努力面前、向着标竿直跑,路9：23,约15：4-8,坚持→回望→继续,成熟不是已经完全，而是继续向着基督所呼召的方向前进。,关系与传递,把生命放进关系里：今天谁会因为我的选择而受益、受伤或得到安慰？,我的选择会怎样影响身边一个具体的人？,在关系里我更像：①只顾自己 ②开始留意别人 ③主动做了一件事,把今天的行动带进一个真实关系；伙伴负责提醒，不负责监督每个细节。,什么会让我在没有回报时停止？,帮助别人坚持而非制造压力,从短期热情转向长期忠心,A,待编写
W47D07,7,47,IV 结出果子,LQ03,LQ04,忠心到底,怎样忠心走完自己的路？,长期成长中最难的是没有掌声、没有即时结果时继续前行。,腓3：12-14,忘记背后、努力面前、向着标竿直跑,路9：23,约15：4-8,坚持→回望→继续,成熟不是已经完全，而是继续向着基督所呼召的方向前进。,回顾,回顾这一周：我有没有从这个生命问题走出一点新的方向？下一步只保留一个继续操练的重点。,这周什么真的改变了一点？什么仍需要继续？,这一周我更像：①没有变化 ②有一个小变化 ③准备继续,写下“一个改变、一个未完成、一个下一步”。,伙伴负责提醒，不负责监督每个细节。,把这一周的学习带进下一周，而不是停在课程结束。,从短期热情转向长期忠心,A,待编写
W48D01,1,48,IV 结出果子,LQ08,LQ07,生命留下什么,我的生命能够留下什么？,担心人生最终只剩财产、照片和零散成就。,约15：16,林前15：58,路12：13-21,约15：8-17,辨认→投资→存留,不要只追求短暂成果，让生命结出能够存留的果子。,看见,先看见自己正在经历的“我的生命能够留下什么？”，不用急着改变，先辨认它在生活中什么时候出现。,今天什么时候最容易出现这个问题：“我的生命能够留下什么？”？,我今天更像：①没有留意 ②已经看见 ③正在面对,记录一次真实场景，只写“发生了什么”，不急着评价自己。,可以只分享一个真实场景，不解释、不辩护。,先让福音进入自己的真实生活。,从留下名声转向留下生命果子,A,待编写
W48D02,2,48,IV 结出果子,LQ08,LQ07,生命留下什么,我的生命能够留下什么？,担心人生最终只剩财产、照片和零散成就。,林前15：58,林前15：58,路12：13-21,约15：8-17,辨认→投资→存留,不要只追求短暂成果，让生命结出能够存留的果子。,挖根,今天往里走一步：当“我的生命能够留下什么？”出现时，我最怕失去、最想抓住或最想证明的是什么？,如果暂时不急着解决，我真正担心的是什么？,我目前更像：①被反应推着走 ②开始辨认根源 ③愿意停下来,为今天发现的根源写下一句话：我真正害怕/抓住/证明的是______。,伙伴只问“你发现了什么？”，不急着给答案。,把自己的发现带进一个具体关系。,从留下名声转向留下生命果子,A,待编写
W48D03,3,48,IV 结出果子,LQ08,LQ07,生命留下什么,我的生命能够留下什么？,担心人生最终只剩财产、照片和零散成就。,约15：16,林前15：58,路12：13-21,约15：8-17,辨认→投资→存留,不要只追求短暂成果，让生命结出能够存留的果子。,回经文,回到约15：16：不要只问“这段经文说了什么”，也问“它正在重新怎样解释我的生活？”,这段经文有没有一句话，正在挑战我对“我的生命能够留下什么？”的原有理解？,经文今天对我更像：①有距离 ②击中一点 ③需要回应,用约15：16安静5分钟，记下一句最需要带进生活的话。,小组分享一句经文如何进入自己的生活。,让经文从理解变成生活选择。,从留下名声转向留下生命果子,A,待编写
W48D04,4,48,IV 结出果子,LQ08,LQ07,生命留下什么,我的生命能够留下什么？,担心人生最终只剩财产、照片和零散成就。,路12：13-21,林前15：58,路12：13-21,约15：8-17,辨认→投资→存留,不要只追求短暂成果，让生命结出能够存留的果子。,对照,把自己的旧习惯与新约的方向放在一起看：值得存留的不是短暂的自我成就，而是从基督而来的生命果子、爱与他人生命的建造。,我现在的做法，与今天看见的福音方向差在哪里？,我目前更像：①仍按旧标准生活 ②开始调整 ③已经在实践,做一个小调整，方向是：不要只追求短暂成果，让生命结出能够存留的果子。,伙伴帮助辨认差距，不评判属灵程度。,让生命方向影响家庭、工作或群体。,从留下名声转向留下生命果子,A,待编写
W48D05,5,48,IV 结出果子,LQ08,LQ07,生命留下什么,我的生命能够留下什么？,担心人生最终只剩财产、照片和零散成就。,约15：8-17,林前15：58,路12：13-21,约15：8-17,辨认→投资→存留,不要只追求短暂成果，让生命结出能够存留的果子。,行动,把今天的回应缩小成一个可执行动作：把时间投向一项能长期造福别人的关系或操练。,今天我能做哪一个小而真实的改变？,今天的行动更像：①还没做 ②做了一点 ③认真完成了,今天完成一个“小步行动”：把时间投向一项能长期造福别人的关系或操练。,伙伴只追踪一个具体行动有没有发生。,一个小行动，就是生命果子的起点。,从留下名声转向留下生命果子,A,待编写
W48D06,6,48,IV 结出果子,LQ08,LQ07,生命留下什么,我的生命能够留下什么？,担心人生最终只剩财产、照片和零散成就。,林前15：58,林前15：58,路12：13-21,约15：8-17,辨认→投资→存留,不要只追求短暂成果，让生命结出能够存留的果子。,关系与传递,把生命放进关系里：今天谁会因为我的选择而受益、受伤或得到安慰？,我的选择会怎样影响身边一个具体的人？,在关系里我更像：①只顾自己 ②开始留意别人 ③主动做了一件事,把今天的行动带进一个真实关系；伙伴问“什么值得长期投资？”,多年后别人最可能记住我什么？,把影响力转向人而非名声,从留下名声转向留下生命果子,A,待编写
W48D07,7,48,IV 结出果子,LQ08,LQ07,生命留下什么,我的生命能够留下什么？,担心人生最终只剩财产、照片和零散成就。,约15：16,林前15：58,路12：13-21,约15：8-17,辨认→投资→存留,不要只追求短暂成果，让生命结出能够存留的果子。,回顾,回顾这一周：我有没有从这个生命问题走出一点新的方向？下一步只保留一个继续操练的重点。,这周什么真的改变了一点？什么仍需要继续？,这一周我更像：①没有变化 ②有一个小变化 ③准备继续,写下“一个改变、一个未完成、一个下一步”。,伙伴问“什么值得长期投资？”,把这一周的学习带进下一周，而不是停在课程结束。,从留下名声转向留下生命果子,A,待编写
W49D01,1,49,IV 结出果子,LQ06,LQ08,传下什么,什么值得传下去？,容易把传承理解为钱、房子、成绩或家族名声。,腓4：9,林前11：1,路6：40,约13：34-35,辨认→示范→传递,真正值得传下去的，不只是拥有的东西，而是怎样生活、怎样跟随基督。,看见,先看见自己正在经历的“什么值得传下去？”，不用急着改变，先辨认它在生活中什么时候出现。,今天什么时候最容易出现这个问题：“什么值得传下去？”？,我今天更像：①没有留意 ②已经看见 ③正在面对,记录一次真实场景，只写“发生了什么”，不急着评价自己。,可以只分享一个真实场景，不解释、不辩护。,先让福音进入自己的真实生活。,从物质传承转向生命传承,B,待编写
W49D02,2,49,IV 结出果子,LQ06,LQ08,传下什么,什么值得传下去？,容易把传承理解为钱、房子、成绩或家族名声。,林前11：1,林前11：1,路6：40,约13：34-35,辨认→示范→传递,真正值得传下去的，不只是拥有的东西，而是怎样生活、怎样跟随基督。,挖根,今天往里走一步：当“什么值得传下去？”出现时，我最怕失去、最想抓住或最想证明的是什么？,如果暂时不急着解决，我真正担心的是什么？,我目前更像：①被反应推着走 ②开始辨认根源 ③愿意停下来,为今天发现的根源写下一句话：我真正害怕/抓住/证明的是______。,伙伴只问“你发现了什么？”，不急着给答案。,把自己的发现带进一个具体关系。,从物质传承转向生命传承,B,待编写
W49D03,3,49,IV 结出果子,LQ06,LQ08,传下什么,什么值得传下去？,容易把传承理解为钱、房子、成绩或家族名声。,腓4：9,林前11：1,路6：40,约13：34-35,辨认→示范→传递,真正值得传下去的，不只是拥有的东西，而是怎样生活、怎样跟随基督。,回经文,回到腓4：9：不要只问“这段经文说了什么”，也问“它正在重新怎样解释我的生活？”,这段经文有没有一句话，正在挑战我对“什么值得传下去？”的原有理解？,经文今天对我更像：①有距离 ②击中一点 ③需要回应,用腓4：9安静5分钟，记下一句最需要带进生活的话。,小组分享一句经文如何进入自己的生活。,让经文从理解变成生活选择。,从物质传承转向生命传承,B,待编写
W49D04,4,49,IV 结出果子,LQ06,LQ08,传下什么,什么值得传下去？,容易把传承理解为钱、房子、成绩或家族名声。,路6：40,林前11：1,路6：40,约13：34-35,辨认→示范→传递,真正值得传下去的，不只是拥有的东西，而是怎样生活、怎样跟随基督。,对照,把自己的旧习惯与新约的方向放在一起看：最值得传递的，不只是拥有的东西，而是怎样生活、怎样爱人、怎样跟随基督。,我现在的做法，与今天看见的福音方向差在哪里？,我目前更像：①仍按旧标准生活 ②开始调整 ③已经在实践,做一个小调整，方向是：真正值得传下去的，不只是拥有的东西，而是怎样生活、怎样跟随基督。,伙伴帮助辨认差距，不评判属灵程度。,让生命方向影响家庭、工作或群体。,从物质传承转向生命传承,B,待编写
W49D05,5,49,IV 结出果子,LQ06,LQ08,传下什么,什么值得传下去？,容易把传承理解为钱、房子、成绩或家族名声。,约13：34-35,林前11：1,路6：40,约13：34-35,辨认→示范→传递,真正值得传下去的，不只是拥有的东西，而是怎样生活、怎样跟随基督。,行动,把今天的回应缩小成一个可执行动作：本周和一个比自己年轻的人一起做一件有意义的事，而非单向教导。,今天我能做哪一个小而真实的改变？,今天的行动更像：①还没做 ②做了一点 ③认真完成了,今天完成一个“小步行动”：本周和一个比自己年轻的人一起做一件有意义的事，而非单向教导。,伙伴只追踪一个具体行动有没有发生。,一个小行动，就是生命果子的起点。,从物质传承转向生命传承,B,待编写
W49D06,6,49,IV 结出果子,LQ06,LQ08,传下什么,什么值得传下去？,容易把传承理解为钱、房子、成绩或家族名声。,林前11：1,林前11：1,路6：40,约13：34-35,辨认→示范→传递,真正值得传下去的，不只是拥有的东西，而是怎样生活、怎样跟随基督。,关系与传递,把生命放进关系里：今天谁会因为我的选择而受益、受伤或得到安慰？,我的选择会怎样影响身边一个具体的人？,在关系里我更像：①只顾自己 ②开始留意别人 ③主动做了一件事,把今天的行动带进一个真实关系；伙伴反馈是否“可见、可模仿”。,我真正希望下一代从我身上学到什么？,为下一代提供可模仿的生活,从物质传承转向生命传承,B,待编写
W49D07,7,49,IV 结出果子,LQ06,LQ08,传下什么,什么值得传下去？,容易把传承理解为钱、房子、成绩或家族名声。,腓4：9,林前11：1,路6：40,约13：34-35,辨认→示范→传递,真正值得传下去的，不只是拥有的东西，而是怎样生活、怎样跟随基督。,回顾,回顾这一周：我有没有从这个生命问题走出一点新的方向？下一步只保留一个继续操练的重点。,这周什么真的改变了一点？什么仍需要继续？,这一周我更像：①没有变化 ②有一个小变化 ③准备继续,写下“一个改变、一个未完成、一个下一步”。,伙伴反馈是否“可见、可模仿”。,把这一周的学习带进下一周，而不是停在课程结束。,从物质传承转向生命传承,B,待编写
W50D01,1,50,IV 结出果子,LQ08,—,重新献上,如果今天重新开始，我愿意把生命交给什么？,经历一年后容易再次问：接下来到底把自己交给什么？,罗12：1-2,将身体献上、心意更新、察验旨意,路9：23-25,约20：21,回顾→献上→委身,不要只问我要得到什么，也问我愿意把自己交给什么。,看见,先看见自己正在经历的“如果今天重新开始，我愿意把生命交给什么？”，不用急着改变，先辨认它在生活中什么时候出现。,今天什么时候最容易出现这个问题：“如果今天重新开始，我愿意把生命交给什么？”？,我今天更像：①没有留意 ②已经看见 ③正在面对,记录一次真实场景，只写“发生了什么”，不急着评价自己。,可以只分享一个真实场景，不解释、不辩护。,先让福音进入自己的真实生活。,从自我管理转向献上与委身,A,待编写
W50D02,2,50,IV 结出果子,LQ08,—,重新献上,如果今天重新开始，我愿意把生命交给什么？,经历一年后容易再次问：接下来到底把自己交给什么？,将身体献上、心意更新、察验旨意,将身体献上、心意更新、察验旨意,路9：23-25,约20：21,回顾→献上→委身,不要只问我要得到什么，也问我愿意把自己交给什么。,挖根,今天往里走一步：当“如果今天重新开始，我愿意把生命交给什么？”出现时，我最怕失去、最想抓住或最想证明的是什么？,如果暂时不急着解决，我真正担心的是什么？,我目前更像：①被反应推着走 ②开始辨认根源 ③愿意停下来,为今天发现的根源写下一句话：我真正害怕/抓住/证明的是______。,伙伴只问“你发现了什么？”，不急着给答案。,把自己的发现带进一个具体关系。,从自我管理转向献上与委身,A,待编写
W50D03,3,50,IV 结出果子,LQ08,—,重新献上,如果今天重新开始，我愿意把生命交给什么？,经历一年后容易再次问：接下来到底把自己交给什么？,罗12：1-2,将身体献上、心意更新、察验旨意,路9：23-25,约20：21,回顾→献上→委身,不要只问我要得到什么，也问我愿意把自己交给什么。,回经文,回到罗12：1-2：不要只问“这段经文说了什么”，也问“它正在重新怎样解释我的生活？”,这段经文有没有一句话，正在挑战我对“如果今天重新开始，我愿意把生命交给什么？”的原有理解？,经文今天对我更像：①有距离 ②击中一点 ③需要回应,用罗12：1-2安静5分钟，记下一句最需要带进生活的话。,小组分享一句经文如何进入自己的生活。,让经文从理解变成生活选择。,从自我管理转向献上与委身,A,待编写
W50D04,4,50,IV 结出果子,LQ08,—,重新献上,如果今天重新开始，我愿意把生命交给什么？,经历一年后容易再次问：接下来到底把自己交给什么？,路9：23-25,将身体献上、心意更新、察验旨意,路9：23-25,约20：21,回顾→献上→委身,不要只问我要得到什么，也问我愿意把自己交给什么。,对照,把自己的旧习惯与新约的方向放在一起看：成熟不是更会安排自己，而是越来越愿意把自己交还给神，并在具体生活中委身。,我现在的做法，与今天看见的福音方向差在哪里？,我目前更像：①仍按旧标准生活 ②开始调整 ③已经在实践,做一个小调整，方向是：不要只问我要得到什么，也问我愿意把自己交给什么。,伙伴帮助辨认差距，不评判属灵程度。,让生命方向影响家庭、工作或群体。,从自我管理转向献上与委身,A,待编写
W50D05,5,50,IV 结出果子,LQ08,—,重新献上,如果今天重新开始，我愿意把生命交给什么？,经历一年后容易再次问：接下来到底把自己交给什么？,约20：21,将身体献上、心意更新、察验旨意,路9：23-25,约20：21,回顾→献上→委身,不要只问我要得到什么，也问我愿意把自己交给什么。,行动,把今天的回应缩小成一个可执行动作：为其中一项做一个30天具体计划并告诉伙伴。,今天我能做哪一个小而真实的改变？,今天的行动更像：①还没做 ②做了一点 ③认真完成了,今天完成一个“小步行动”：为其中一项做一个30天具体计划并告诉伙伴。,伙伴只追踪一个具体行动有没有发生。,一个小行动，就是生命果子的起点。,从自我管理转向献上与委身,A,待编写
W50D06,6,50,IV 结出果子,LQ08,—,重新献上,如果今天重新开始，我愿意把生命交给什么？,经历一年后容易再次问：接下来到底把自己交给什么？,将身体献上、心意更新、察验旨意,将身体献上、心意更新、察验旨意,路9：23-25,约20：21,回顾→献上→委身,不要只问我要得到什么，也问我愿意把自己交给什么。,关系与传递,把生命放进关系里：今天谁会因为我的选择而受益、受伤或得到安慰？,我的选择会怎样影响身边一个具体的人？,在关系里我更像：①只顾自己 ②开始留意别人 ③主动做了一件事,把今天的行动带进一个真实关系；伙伴帮助把委身变成可执行计划。,如果重新开始，我最愿意为谁、为哪件事忠心？,把委身落到关系、职业与使命,从自我管理转向献上与委身,A,待编写
W50D07,7,50,IV 结出果子,LQ08,—,重新献上,如果今天重新开始，我愿意把生命交给什么？,经历一年后容易再次问：接下来到底把自己交给什么？,罗12：1-2,将身体献上、心意更新、察验旨意,路9：23-25,约20：21,回顾→献上→委身,不要只问我要得到什么，也问我愿意把自己交给什么。,回顾,回顾这一周：我有没有从这个生命问题走出一点新的方向？下一步只保留一个继续操练的重点。,这周什么真的改变了一点？什么仍需要继续？,这一周我更像：①没有变化 ②有一个小变化 ③准备继续,写下“一个改变、一个未完成、一个下一步”。,伙伴帮助把委身变成可执行计划。,把这一周的学习带进下一周，而不是停在课程结束。,从自我管理转向献上与委身,A,待编写
W51D01,1,51,IV 结出果子,全体,—,回顾成长,这一年，我哪些地方开始不一样？,人常记得失败与欠缺，却不容易看见神已经开始的工作。,腓4：8-9,思想、学习、领受、看见→实行,路24：32,约15：1-8,回顾→感谢→辨认,不要只问自己做得怎样，也问：神这一年在哪里改变了我？,看见,先看见自己正在经历的“这一年，我哪些地方开始不一样？”，不用急着改变，先辨认它在生活中什么时候出现。,今天什么时候最容易出现这个问题：“这一年，我哪些地方开始不一样？”？,我今天更像：①没有留意 ②已经看见 ③正在面对,记录一次真实场景，只写“发生了什么”，不急着评价自己。,可以只分享一个真实场景，不解释、不辩护。,先让福音进入自己的真实生活。,从自我评估转向感恩与整合,A,待编写
W51D02,2,51,IV 结出果子,全体,—,回顾成长,这一年，我哪些地方开始不一样？,人常记得失败与欠缺，却不容易看见神已经开始的工作。,思想、学习、领受、看见→实行,思想、学习、领受、看见→实行,路24：32,约15：1-8,回顾→感谢→辨认,不要只问自己做得怎样，也问：神这一年在哪里改变了我？,挖根,今天往里走一步：当“这一年，我哪些地方开始不一样？”出现时，我最怕失去、最想抓住或最想证明的是什么？,如果暂时不急着解决，我真正担心的是什么？,我目前更像：①被反应推着走 ②开始辨认根源 ③愿意停下来,为今天发现的根源写下一句话：我真正害怕/抓住/证明的是______。,伙伴只问“你发现了什么？”，不急着给答案。,把自己的发现带进一个具体关系。,从自我评估转向感恩与整合,A,待编写
W51D03,3,51,IV 结出果子,全体,—,回顾成长,这一年，我哪些地方开始不一样？,人常记得失败与欠缺，却不容易看见神已经开始的工作。,腓4：8-9,思想、学习、领受、看见→实行,路24：32,约15：1-8,回顾→感谢→辨认,不要只问自己做得怎样，也问：神这一年在哪里改变了我？,回经文,回到腓4：8-9：不要只问“这段经文说了什么”，也问“它正在重新怎样解释我的生活？”,这段经文有没有一句话，正在挑战我对“这一年，我哪些地方开始不一样？”的原有理解？,经文今天对我更像：①有距离 ②击中一点 ③需要回应,用腓4：8-9安静5分钟，记下一句最需要带进生活的话。,小组分享一句经文如何进入自己的生活。,让经文从理解变成生活选择。,从自我评估转向感恩与整合,A,待编写
W51D04,4,51,IV 结出果子,全体,—,回顾成长,这一年，我哪些地方开始不一样？,人常记得失败与欠缺，却不容易看见神已经开始的工作。,路24：32,思想、学习、领受、看见→实行,路24：32,约15：1-8,回顾→感谢→辨认,不要只问自己做得怎样，也问：神这一年在哪里改变了我？,对照,把自己的旧习惯与新约的方向放在一起看：年度回顾不是给自己打分，而是辨认神的工作、自己的回应，以及下一步仍需学习的地方。,我现在的做法，与今天看见的福音方向差在哪里？,我目前更像：①仍按旧标准生活 ②开始调整 ③已经在实践,做一个小调整，方向是：不要只问自己做得怎样，也问：神这一年在哪里改变了我？。,伙伴帮助辨认差距，不评判属灵程度。,让生命方向影响家庭、工作或群体。,从自我评估转向感恩与整合,A,待编写
W51D05,5,51,IV 结出果子,全体,—,回顾成长,这一年，我哪些地方开始不一样？,人常记得失败与欠缺，却不容易看见神已经开始的工作。,约15：1-8,思想、学习、领受、看见→实行,路24：32,约15：1-8,回顾→感谢→辨认,不要只问自己做得怎样，也问：神这一年在哪里改变了我？,行动,把今天的回应缩小成一个可执行动作：写一页“这一年我的生命故事”，不是成绩报告。,今天我能做哪一个小而真实的改变？,今天的行动更像：①还没做 ②做了一点 ③认真完成了,今天完成一个“小步行动”：写一页“这一年我的生命故事”，不是成绩报告。,伙伴只追踪一个具体行动有没有发生。,一个小行动，就是生命果子的起点。,从自我评估转向感恩与整合,A,待编写
W51D06,6,51,IV 结出果子,全体,—,回顾成长,这一年，我哪些地方开始不一样？,人常记得失败与欠缺，却不容易看见神已经开始的工作。,思想、学习、领受、看见→实行,思想、学习、领受、看见→实行,路24：32,约15：1-8,回顾→感谢→辨认,不要只问自己做得怎样，也问：神这一年在哪里改变了我？,关系与传递,把生命放进关系里：今天谁会因为我的选择而受益、受伤或得到安慰？,我的选择会怎样影响身边一个具体的人？,在关系里我更像：①只顾自己 ②开始留意别人 ③主动做了一件事,把今天的行动带进一个真实关系；伙伴分享一项改变与一项下一步。,哪一个改变最值得感谢？哪一项仍需要继续？,把见证整理成可分享的生命故事,从自我评估转向感恩与整合,A,待编写
W51D07,7,51,IV 结出果子,全体,—,回顾成长,这一年，我哪些地方开始不一样？,人常记得失败与欠缺，却不容易看见神已经开始的工作。,腓4：8-9,思想、学习、领受、看见→实行,路24：32,约15：1-8,回顾→感谢→辨认,不要只问自己做得怎样，也问：神这一年在哪里改变了我？,回顾,回顾这一周：我有没有从这个生命问题走出一点新的方向？下一步只保留一个继续操练的重点。,这周什么真的改变了一点？什么仍需要继续？,这一周我更像：①没有变化 ②有一个小变化 ③准备继续,写下“一个改变、一个未完成、一个下一步”。,伙伴分享一项改变与一项下一步。,把这一周的学习带进下一周，而不是停在课程结束。,从自我评估转向感恩与整合,A,待编写
W52D01,1,52,IV 结出果子,LQ08,LQ03,继续前行,我现在要继续走向哪里？,年度结束容易有“完成感”，但真正门徒生命没有毕业。,腓3：13-14,提后4：7-8,路24：44-49,约20：21,回顾→差遣→继续,这一年不是终点，我要继续向着基督呼召的方向前进。,看见,先看见自己正在经历的“我现在要继续走向哪里？”，不用急着改变，先辨认它在生活中什么时候出现。,今天什么时候最容易出现这个问题：“我现在要继续走向哪里？”？,我今天更像：①没有留意 ②已经看见 ③正在面对,记录一次真实场景，只写“发生了什么”，不急着评价自己。,可以只分享一个真实场景，不解释、不辩护。,先让福音进入自己的真实生活。,从完成课程进入持续门徒生命,A,待编写
W52D02,2,52,IV 结出果子,LQ08,LQ03,继续前行,我现在要继续走向哪里？,年度结束容易有“完成感”，但真正门徒生命没有毕业。,提后4：7-8,提后4：7-8,路24：44-49,约20：21,回顾→差遣→继续,这一年不是终点，我要继续向着基督呼召的方向前进。,挖根,今天往里走一步：当“我现在要继续走向哪里？”出现时，我最怕失去、最想抓住或最想证明的是什么？,如果暂时不急着解决，我真正担心的是什么？,我目前更像：①被反应推着走 ②开始辨认根源 ③愿意停下来,为今天发现的根源写下一句话：我真正害怕/抓住/证明的是______。,伙伴只问“你发现了什么？”，不急着给答案。,把自己的发现带进一个具体关系。,从完成课程进入持续门徒生命,A,待编写
W52D03,3,52,IV 结出果子,LQ08,LQ03,继续前行,我现在要继续走向哪里？,年度结束容易有“完成感”，但真正门徒生命没有毕业。,腓3：13-14,提后4：7-8,路24：44-49,约20：21,回顾→差遣→继续,这一年不是终点，我要继续向着基督呼召的方向前进。,回经文,回到腓3：13-14：不要只问“这段经文说了什么”，也问“它正在重新怎样解释我的生活？”,这段经文有没有一句话，正在挑战我对“我现在要继续走向哪里？”的原有理解？,经文今天对我更像：①有距离 ②击中一点 ③需要回应,用腓3：13-14安静5分钟，记下一句最需要带进生活的话。,小组分享一句经文如何进入自己的生活。,让经文从理解变成生活选择。,从完成课程进入持续门徒生命,A,待编写
W52D04,4,52,IV 结出果子,LQ08,LQ03,继续前行,我现在要继续走向哪里？,年度结束容易有“完成感”，但真正门徒生命没有毕业。,路24：44-49,提后4：7-8,路24：44-49,约20：21,回顾→差遣→继续,这一年不是终点，我要继续向着基督呼召的方向前进。,对照,把自己的旧习惯与新约的方向放在一起看：回顾不是结束，而是重新进入下一段跟随、服事与使命。,我现在的做法，与今天看见的福音方向差在哪里？,我目前更像：①仍按旧标准生活 ②开始调整 ③已经在实践,做一个小调整，方向是：这一年不是终点，我要继续向着基督呼召的方向前进。,伙伴帮助辨认差距，不评判属灵程度。,让生命方向影响家庭、工作或群体。,从完成课程进入持续门徒生命,A,待编写
W52D05,5,52,IV 结出果子,LQ08,LQ03,继续前行,我现在要继续走向哪里？,年度结束容易有“完成感”，但真正门徒生命没有毕业。,约20：21,提后4：7-8,路24：44-49,约20：21,回顾→差遣→继续,这一年不是终点，我要继续向着基督呼召的方向前进。,行动,把今天的回应缩小成一个可执行动作：把下一阶段第一步安排进日历。,今天我能做哪一个小而真实的改变？,今天的行动更像：①还没做 ②做了一点 ③认真完成了,今天完成一个“小步行动”：把下一阶段第一步安排进日历。,伙伴只追踪一个具体行动有没有发生。,一个小行动，就是生命果子的起点。,从完成课程进入持续门徒生命,A,待编写
W52D06,6,52,IV 结出果子,LQ08,LQ03,继续前行,我现在要继续走向哪里？,年度结束容易有“完成感”，但真正门徒生命没有毕业。,提后4：7-8,提后4：7-8,路24：44-49,约20：21,回顾→差遣→继续,这一年不是终点，我要继续向着基督呼召的方向前进。,关系与传递,把生命放进关系里：今天谁会因为我的选择而受益、受伤或得到安慰？,我的选择会怎样影响身边一个具体的人？,在关系里我更像：①只顾自己 ②开始留意别人 ③主动做了一件事,把今天的行动带进一个真实关系；伙伴约定未来90天一次回顾。,如果这一年只是开始，下一步最重要的忠心是什么？,继续成为祝福并帮助别人跟随,从完成课程进入持续门徒生命,A,待编写
W52D07,7,52,IV 结出果子,LQ08,LQ03,继续前行,我现在要继续走向哪里？,年度结束容易有“完成感”，但真正门徒生命没有毕业。,腓3：13-14,提后4：7-8,路24：44-49,约20：21,回顾→差遣→继续,这一年不是终点，我要继续向着基督呼召的方向前进。,回顾,回顾这一周：我有没有从这个生命问题走出一点新的方向？下一步只保留一个继续操练的重点。,这周什么真的改变了一点？什么仍需要继续？,这一周我更像：①没有变化 ②有一个小变化 ③准备继续,写下“一个改变、一个未完成、一个下一步”。,伙伴约定未来90天一次回顾。,把这一周的学习带进下一周，而不是停在课程结束。,从完成课程进入持续门徒生命,A,待编写
